ligand_number,enumeration,conformer_number,name,score,smiles,lowest_conformer
0,0,0,0:0:0,-3.1494,Cn1cc(cn1)C[NH2+]CCC[NH+](C)Cc2ccccc2,True
1,0,0,1:0:0,-5.59603,c1ccc(c(c1)c2ccc(o2)C[NH2+]CCOCCO)F,True
2,0,0,2:0:0,-3.71307,c1ccc(cc1)C[NH2+]CC(COCc2ccco2)O,True
3,0,0,3:0:0,-5.04964,C=COCCC[NH2+]C1CCN(C1)Cc2ccccc2,True
4,0,0,4:0:0,-7.80191,CC(c1ccc(cc1)c2ccc(o2)C[NH2+]CCC[NH+](C)C)O,True
5,0,0,5:0:0,-5.88527,CCOc1cccc(c1O)C[NH2+]CC(C(C)C)[NH+](C)C,True
6,0,0,6:0:0,-6.77432,CC(C[NH2+]CC[NH2+]Cc1c2ccccc2ccc1OC)O,True
7,0,0,7:0:0,-4.25836,c1ccc(cc1)CCC[NH2+]CCNC(=O)c2cccnc2,True
8,0,0,8:0:0,-3.75346,C1CC(OC1)COCCC[NH2+]CC2CCC=CC2,True
9,0,0,9:0:0,-3.10423,CCOc1ccc(cc1)OCCSCC[NH3+],True
10,0,0,10:0:0,-5.97923,COCCNC(=S)NN=Cc1c[nH]c2c1cccc2,True
11,0,0,11:0:0,-5.55281,CC[NH+](CC)CCC(=O)NC(C)(C)Cc1ccc(cc1)O,True
12,0,0,12:0:0,-4.55811,c1ccc2c(c1)cc(o2)CCC(=O)NNC(=S)NC3CC3,True
13,0,0,13:0:0,-7.55478,CCCC(C)[NH+](C)Cn1c(=S)n(c(n1)CCC(=O)N)C,True
14,0,0,14:0:0,-5.42644,Cn1c(nnn1)SCCc2ccccc2C[NH2+]CCO,True
15,0,0,15:0:0,-2.84083,CCCC(C)NC(=O)C(C)[NH2+]CC1CCC[NH+]1CC,True
16,0,0,16:0:0,-2.75375,Cc1cc2c([nH]1)cccc2OCC(C[NH2+]CC=C)O,True
17,0,0,17:0:0,-6.55466,CCCS(=O)(=O)N(CCC[NH3+])c1ccc(cc1)CC,True
18,0,0,18:0:0,-5.04991,Cc1c(cn[nH]1)CCC[NH2+]Cc2cc(cc(c2)OC)OC,True
19,0,0,19:0:0,-4.34505,c1cc(oc1)CNC(=S)NCCCn2cc(cn2)Cl,True
20,0,0,20:0:0,-5.72147,Cc1ccc(c2c1C(CC2[NH2+]CCCOCCOC)C)O,True
21,0,0,21:0:0,-7.52596,c1ccc(cc1)CC(c2ccccc2)[NH2+]C(CO)(CO)CO,True
22,0,0,22:0:0,-5.02215,CCOC(=O)CNC(=S)NC(C)c1ccccc1,True
23,0,0,23:0:0,-5.61103,CC1CC1c2ccc(o2)C(C[NH3+])[NH+](C)CCc3ccccn3,True
24,0,0,24:0:0,-4.0462,CCCNC(=S)NNC(=O)COc1ccc(cc1F)F,True
25,0,0,25:0:0,-5.48891,CC(C)(C)OC(=O)CC[NH2+]CC[NH+]1CCCCC1,True
26,0,0,26:0:0,-6.89131,CC[NH+](CC)CCCC(C)[NH2+]C1CN2CCC1CC2,True
27,0,0,27:0:0,-3.71941,C=CCNC(=S)NNC(=C)c1ccc(cc1)n2ccnc2,True
28,0,0,28:0:0,-2.565,CC[NH+](CC)CCOCCc1cccc(c1)N,True
29,0,0,29:0:0,-4.69973,CC[NH+](CC)CCC(C[NH+]=C(N)N)c1ccccc1,True
30,0,0,30:0:0,-5.26192,CN(CCC[NH2+]Cc1cccc(c1)Oc2ccccc2)S(=O)(=O)C,True
31,0,0,31:0:0,-8.08489,c1ccc(cc1)C(C#CC[NH+](CCO)CCO)(c2cccc(c2)F)O,True
32,0,0,32:0:0,-6.60095,COCCSCC(=O)NC(CCSC)c1[nH]c2ccccc2n1,True
33,0,0,33:0:0,-5.33234,CC[NH+](CC)CCNC(=O)C(=Cc1ccc[nH]1)NC(=O)c2ccccc2,True
34,0,0,34:0:0,-6.94073,CC[NH+](CC(=O)NCCc1c[nH]c2c1cccc2)CC(=O)NC(C)(C)C,True
35,0,0,35:0:0,-7.84723,c1ccc2cc(ccc2c1)OCC(C[NH2+]CCC[NH+]3CCOCC3)O,True
36,0,0,36:0:0,-6.99903,COC(=O)c1ccc(cc1)c2ccc(o2)C[NH2+]CCC[NH+]3CCOCC3,True
37,0,0,37:0:0,-7.48142,c1ccc(cc1)CNC(=O)CC(CO)[NH+](CCC#N)Cc2ccccc2,True
38,0,0,38:0:0,-7.37989,CC(=O)NCCNC(=O)C[NH+](CCc1ccccc1)Cc2ccccc2,True
39,0,0,39:0:0,-8.31824,CC(C[NH+](Cc1cc(ccc1O)OCc2ccccc2)CC(C)O)O,True
40,0,0,40:0:0,-4.9177,CCC(c1nnc(n1c2ccc(cc2)OC)SCCC[NH3+])[NH+](C)C,True
41,0,0,41:0:0,-6.52134,CC(COC)NC(=S)NNC(=O)CCc1cnn(c1)c2ccccc2,True
42,9,0,42:9:0,-6.03893,CCCCc1[nH]c(c[nH+]1)C[NH+]2CCN(C(C2)CCO)Cc3ccc(o3)C,True
43,0,0,43:0:0,-3.8349,CC[NH+](CC)Cc1nnc(o1)SCC(=O)NCCc2ccccc2,True
44,0,0,44:0:0,-4.58833,CC(=O)NC(CCC[NH2+]Cc1ccccc1)C(=O)NCc2ccccc2,True
45,0,0,45:0:0,-7.44358,COC(=O)c1ccc(cc1)C[NH2+]CCC2CCC(=O)N2Cc3ccco3,True
46,0,0,46:0:0,-8.4488,c1ccc(cc1)C[NH+](CCC(=O)N)CC(COc2ccccc2F)O,True
47,0,0,47:0:0,-6.43806,c1ccc(cc1)C[NH+]2CCC(CC2)[NH2+]CC(COCC3CCCO3)O,True
48,0,0,48:0:0,-7.57446,Cc1ccc(cc1)C[NH+](C)CC(=O)N(CCC(=O)N)Cc2ccccc2,True
49,0,0,49:0:0,-6.26029,CC(COC)NC(=S)NNC(=O)Cc1csc(n1)c2ccco2,True
50,0,0,50:0:0,-9.06485,CCC(c1nnc(n1Cc2ccccc2)SCCC(=O)N)[NH+](C)C,True
51,0,0,51:0:0,-6.40484,COCCNC(=O)C[NH2+]Cc1ccc(cc1)OCc2cccc(c2)F,True
52,0,0,52:0:0,-8.32207,Cc1ccccc1C(c2ccccc2)OCC(C[NH+](CCO)CCO)O,True
53,1,0,53:1:0,-6.4836,Cc1ccc(o1)C[NH2+]Cc2cccc(c2)OCC(CN3CCOCC3)O,True
54,0,0,54:0:0,-9.52018,CCN(c1ccc(cc1)F)C(=O)C[NH+](CCC(=O)N)Cc2ccccc2,True
55,1,0,55:1:0,-6.56084,COc1ccc(cc1)c2c(cn(n2)CCC#N)C[NH2+]CCN3CCCC3,True
56,0,0,56:0:0,-9.15652,c1ccc2c(c1)CC[NH+](C2)CCC[NH2+]Cc3ccc(cc3)OCC(=O)N,True
57,0,0,57:0:0,-7.03765,CNC(=O)c1ccc(cc1)C[NH+](C)CC(COCc2cccs2)O,True
58,0,0,58:0:0,-7.97594,c1ccc(cc1)CCNC(=O)C[NH+](Cc2ccc(cc2)C(=O)N)C3CC3,True
59,0,0,59:0:0,-6.8957,c1cc(ccc1OCC[NH2+]CCC2CCC(=O)N2CC3CCCO3)F,True
60,0,0,60:0:0,-7.41776,CCC(c1nnc(n1c2ccccc2)SCC[NH2+]CCO)[NH+](C)C,True
61,0,0,61:0:0,-5.2234,CC[NH+](CC)CCC[NH2+]CCc1cc(c2cccnc2c1O)Cl,True
62,0,0,62:0:0,-7.80129,CC(c1ccc(cc1)c2ccc(o2)C[NH2+]CCOCCO)O,True
63,0,0,63:0:0,-5.60811,CCN(CC)c1cc(on1)c2ccc(cc2O)OCCCCC[NH3+],True
64,0,0,64:0:0,-6.96825,CC(C)[NH2+]CC(COc1ccc2c(c1)c(c[nH]2)CC(=O)OC)O,True
65,3,0,65:3:0,-7.78965,Cc1c([nH+]c[nH]1)C[NH+](Cc2ccncc2)CC3CC[NH+](CC3)CCOC,True
66,0,0,66:0:0,-6.76142,CC(c1cc2ccccc2o1)NC(=O)C[NH+](CCOC)CCOC,True
67,0,0,67:0:0,-3.56045,CC[N+](CC)(CC)CCC(c1ccccc1)(c2ccccc2)C(=O)N,True
68,0,0,68:0:0,-6.64686,COCCN(CCOC)C(=O)CCCc1[nH]c2ccccc2n1,True
69,8,0,69:8:0,-7.55822,c1ccc(cc1)CSCCNC(=[NH+]CCc2cnc[nH]2)N,True
70,0,0,70:0:0,-6.34415,CC[NH+](CC)CCNC(=O)c1ccc2c(c1)oc(n2)CCOC,True
71,1,0,71:1:0,-9.63826,C[NH+](C)CC(c1ccccc1)NCc2ccc(cc2)OCC(=O)N,True
72,0,0,72:0:0,-6.77946,CC[NH+](CCO)CC(=O)NCc1ccccc1Cn2cccn2,True
73,0,0,73:0:0,-7.15102,Cc1cc(c(n1CCOC)C)C[NH2+]CC(=O)NCc2ccco2,True
74,0,0,74:0:0,-8.35398,Cc1c(n(c2c1cc(cc2)F)CC(C[NH+](CCO)CCO)O)C,True
75,0,0,75:0:0,-6.35512,COCCNC(=S)NNC(=C)c1ccc(cc1)[n+]2cc[nH]c2,True
76,0,0,76:0:0,-8.39624,c1ccc(cc1)COc2ccc(c(c2)C[NH+](CCO)CCO)O,True
77,0,0,77:0:0,-8.16501,C[NH+](CCc1ccccn1)CC(CC(c2ccc(cc2)CO)O)O,True
79,1,0,79:1:0,-6.59643,CC(C)CCN1CC[NH+](CC1CCO)CCCn2cccn2,True
80,0,0,80:0:0,-9.10248,CCOc1cc(cc(c1OCC(=O)N)Cl)C[NH2+]Cc2ccco2,True
81,0,0,81:0:0,-5.97714,CCn1cc(cn1)Cn2cc(cn2)NC(=S)NCCCOCC,True
82,0,0,82:0:0,-4.215,c1ccc2c(c1)nc(s2)COCC(=O)NNC(=S)NC3CC3,True
83,0,0,83:0:0,-5.14264,c1conc1CSCC(C(CSCc2ccon2)O)O,True
84,0,0,84:0:0,-6.36893,CNC(=O)c1ccc(cc1)C[NH+](CCC(=O)NC2CC2)Cc3ccco3,True
85,0,0,85:0:0,-6.79417,CCOC(=O)CCC(=O)NNC(=S)NCc1ccc(cc1)F,True
86,0,0,86:0:0,-7.10281,c1ccc(cc1)CC[NH2+]CC(COCCC[NH+]2CCOCC2)O,True
87,0,0,87:0:0,-4.53185,C[NH+](C)CCCNC(=O)CSc1nnc(o1)Cc2ccccc2,True
88,0,0,88:0:0,-7.74412,c1cc(ccc1C[NH2+]CCNCC[NH2+]Cc2ccc(cc2)O)O,True
89,0,0,89:0:0,-6.14269,COc1cccc(c1OC)C(CC=C)[NH2+]CCC[NH+]2CCOCC2,True
90,0,0,90:0:0,-3.79523,Cc1nnc(s1)NC(=O)C[NH+](C)Cc2cccc(c2)F,True
91,0,0,91:0:0,-3.85613,CCOP(=O)([O-])OCC1COC(O1)(C)C,True
92,0,0,92:0:0,-4.88215,CCC1CCCCN1COc2ccccc2C(=O)[O-],True
93,0,0,93:0:0,-5.54739,CCc1nnc(o1)CSc2nc([nH]n2)C3CCCO3,True
94,0,0,94:0:0,-5.98855,CC(=NO)C(C)(OC)P(=O)(OC)OC,True
95,0,0,95:0:0,-6.45095,CCOC(=O)C(C)SC1=NC=NC2=NC=NC21,True
96,0,0,96:0:0,-7.40483,Cc1cc(=O)[nH]c(c1C#N)SCC(=O)OC(C)C,True
97,0,0,97:0:0,-7.48097,CCOC(=O)C1=NOC(C1C[NH+]2CCOCC2)C,True
98,0,0,98:0:0,-7.32654,C1CN(C(=N1)SC[NH+]2CCOCC2)C[NH+]3CCOCC3,True
99,0,0,99:0:0,-4.22884,CCONC(=O)Cn1cc(cc(c1=O)Cl)C(F)(F)F,True
100,0,0,100:0:0,-5.02269,Cc1cc(on1)CN2C(=O)C(NC2=O)CCSC,True
101,0,0,101:0:0,-6.98828,CCONC(=O)C[NH+]1CCN(CC1)c2ccccc2,True
102,0,0,102:0:0,-6.15467,CC(=O)[C-](C(=O)C)C(=O)OCC=C,True
103,0,0,103:0:0,-3.98676,C1CC2CC1CC2OC(=O)CCC(=O)[O-],True
104,0,0,104:0:0,-6.41565,CONC(=O)CSc1nncn1c2ccccc2,True
105,0,0,105:0:0,-5.10861,c1cc(ccc1CC#N)OCC(=O)NCC#N,True
106,0,0,106:0:0,-4.91189,CCOC(=O)[C-]1C(=NC(=Cc2ccc(cc2)N(C)C)C1=O)C,True
107,0,0,107:0:0,-4.2753,CC(C)c1nnc(o1)C(Cc2ccco2)C(=O)[O-],True
108,0,0,108:0:0,-4.172,Cc1c(c(n(n1)C)OCC(C(F)F)(F)F)C(=O)[O-],True
109,0,0,109:0:0,-6.01835,CCOC(=O)C(C(=O)COC)Br,True
110,0,0,110:0:0,-6.41964,COCCn1c(nnn1)C[NH+]2CCOCC2,True
111,1,0,111:1:0,-4.86721,C(CCl)N(CCCl)P(=O)(O)[O-],True
112,0,0,112:0:0,-4.5939,CC(C)OP(=O)(C)CN(C)S(=O)(=O)C,True
113,0,0,113:0:0,-4.0846,C1CC(OC1)COCCC(=O)[O-],True
114,0,0,114:0:0,-3.73513,CC(C(=O)[O-])Sc1nnc(n1C2CC2)C3CC3,True
116,1,0,116:1:0,-4.59251,Cc1c[nH+]c(c(c1OC)C)CSC(C)C(=O)[O-],True
117,0,0,117:0:0,-4.04483,CCCCS(=O)(=O)[N-]c1ccon1,True
118,0,0,118:0:0,-4.87509,CCOC(=O)C(C)(C)[CH-]N(=O)=O,True
119,0,0,119:0:0,-6.53299,CN(C)C(=O)C(c1ccccc1)OC(=O)c2ccn(=O)cc2,True
120,0,0,120:0:0,-4.00738,CCOc1ccc(cc1)C(=O)NNC=C(C#N)C(=O)OCC,True
121,0,0,121:0:0,-2.02114,CCCCCCC(=O)NNC(=O)c1cc(c[nH]1)N(=O)=O,True
122,0,0,122:0:0,-5.80716,CCc1ccc(cc1)C(=O)CCC(=O)OC(C)C(=O)N,True
123,1,0,123:1:0,-8.83645,c1c(c([nH]n1)N=NN(CCCl)CCCl)C(=O)N,True
124,0,0,124:0:0,-3.83588,CCCOCCOC(=O)C1=C(NC(=O)NC1c2cccc(c2)O)C,True
125,0,0,125:0:0,-5.63791,C=C(C(C#N)C(=O)COC(=O)C=Cc1ccccc1F)N,True
126,0,0,126:0:0,-5.79257,CCCCCC1CC(C(=O)O1)CCC(=NNC(=O)N)C,True
127,0,0,127:0:0,-5.41678,CCOC(=O)CSC(C)c1nc(nc(n1)N(C)C)N,True
128,1,0,128:1:0,-6.38649,CCCCN(CCCC)S(=O)(=O)c1ccc(c(c1)N)O,True
129,0,0,129:0:0,-3.13239,CC[NH+](CC)CCN(C)N=Nc1ccccc1C(=O)NN,True
130,0,0,130:0:0,-3.62584,CCOCC(=O)NNC(=O)C(C)Oc1cc(ccc1C)C,True
131,0,0,131:0:0,-5.34875,CCOC(=O)c1cnc(nc1N)SCC(=O)NCC=C,True
132,0,0,132:0:0,-2.52462,C=CCNC(=S)NNC(=O)Cc1ccc(cc1)N(=O)=O,True
133,0,0,133:0:0,-6.34498,CC(c1ccc(cc1)S(=O)(=O)C)[NH2+]CCOCCO,True
134,0,0,134:0:0,-2.67495,c1cc(c(nc1)SSCCCCON)N(=O)=O,True
135,0,0,135:0:0,-6.4725,Cc1c(=O)n(c(nn1)SCC(=O)NC(C)CCCC(C)C)N,True
136,1,0,136:1:0,-6.789,COCCN=C(N)SCc1cc(ccc1OC)N(=O)=O,True
137,0,0,137:0:0,-2.41735,CCOC(=O)c1c(c([nH]c1C=NO)C(=O)OCC)C,True
138,0,0,138:0:0,-4.76222,CCOC(=O)NNc1ccc(nn1)N(C)CC(C)O,True
139,0,0,139:0:0,-5.18345,COc1nc(nc(n1)NCCO)NCCC2=CCCCC2,True
140,0,0,140:0:0,-7.77849,CCCCOC(=O)C(C)Sc1c(=O)[nH]c(=O)[nH]n1,True
141,0,0,141:0:0,-4.45446,CCC=CCC(C=CC1C(CC(=O)C1CCC(=O)[O-])O)O,True
142,0,0,142:0:0,-7.16066,CC(c1ccc(cc1C=CCO)CO)C(C(C)C(=O)C)O,True
143,0,0,143:0:0,-6.36239,CCCCCCC(=O)OC1C(C(C(C(O1)CO)O)O)O,True
144,0,0,144:0:0,-4.93859,CCOC(=O)C(C#N)C(=N)C(C)C(=O)Nc1ccccn1,True
145,0,0,145:0:0,-5.94085,COC(=O)CCCCc1ccc(s1)C=NNC(=O)N,True
146,0,0,146:0:0,-4.60812,CCCC(CCC)(C(=O)NN(c1ccccc1)S(=O)(=O)C)O,True
147,0,0,147:0:0,-6.07359,CC(C)CNC(=O)C[NH+](C)Cc1cccc(c1)N(=O)=O,True
148,0,0,148:0:0,-7.15933,CCCCn1c(c(c(=O)[nH]c1=O)N(CC)CCC(C)C)N,True
149,1,0,149:1:0,-5.15292,CC(C)OCCOCc1cccc(c1)C(=N)NO,True
150,0,0,150:0:0,-4.62311,CC(C(=O)c1c[nH]c2c1cccc2)[NH+]3CCCC(C3)C(F)(F)F,True
151,0,0,151:0:0,-4.38956,c1ccc-2c(c1)C(=NCCC[NH+]3CCCCCCC3)c4n2ccc4,True
152,0,0,152:0:0,-6.55194,CCC(C=CN1CCOCC1)C2(c3ccccc3-c4c2cccc4)O,True
153,0,0,153:0:0,-4.30677,CC1C[NH+](CC(O1)C)Cc2c3ccccc3cc(c2O)C(=O)OC,True
154,0,0,154:0:0,-4.6517,Cc1ccc2c(c1)c3c([nH]2)CCN(C3)C(=O)CSc4ccccc4,True
155,1,0,155:1:0,-8.15523,Cc1c([nH]c(n1)C2CC(=O)N(C2)CC(C)C)c3ccc(cc3)Cl,True
156,0,0,156:0:0,-5.37945,C[NH+](Cc1c(ccc2c1cncc2)O)Cc3c(cccc3Cl)F,True
157,0,0,157:0:0,-4.9019,Cc1csc(=O)n1CCSc2n[nH]c3n2c4ccccc4n3,True
158,0,0,158:0:0,-5.0245,Cc1ccc(cc1)C[NH+](C)Cc2cc(=O)oc3c2ccc(c3C)O,True
159,0,0,159:0:0,-4.28926,CCC1(C(N(C(=O)O1)CCc2c([nH]c3c2cccc3F)C)(C)O)C,True
160,0,0,160:0:0,-7.12399,CN(Cc1cccc(c1Cl)Cl)C(=O)c2ccc3c(c2)nc[nH]3,True
161,0,0,161:0:0,-4.99181,C[NH+](CC(=O)Nc1ccc(cc1F)Cl)C2CCc3c2cccc3,True
162,1,0,162:1:0,-7.6914,c1cc(cc(c1)C(F)(F)F)c2ccc(o2)C(=O)N=C3NCCS3,True
163,0,0,163:0:0,-4.71636,Cc1ccc2c(c1)c3c4n2CC[NH+](C4CCC3)CC(CCl)O,True
164,0,0,164:0:0,-7.40139,COc1ccc(cc1C[NH+]2CCN(CC2)c3ccc(cc3)O)F,True
165,0,0,165:0:0,-4.36534,Cc1cccc(c1)C[NH+]2CCN(CC2)C(=O)c3cc4ccsc4[nH]3,True
167,0,0,167:0:0,-5.89209,CC1CC(C[NH+](C1)C2CC[NH+](CC2)Cc3ccccc3N(=O)=O)C,True
168,0,0,168:0:0,-4.69639,CC(C(=O)Nc1cc(ccc1F)F)[NH+]2CCCC2c3cccs3,True
169,1,0,169:1:0,-4.8805,c1ccc(c(c1)C=C2C(=O)N(C(=S)S2)CN3CCCCC3)O,True
170,0,0,170:0:0,-4.60426,CC1C[NH+](CCO1)C(C)C(=O)Nc2ccccc2c3ccccc3,True
171,0,0,171:0:0,-5.27665,Cc1ccc(o1)C[NH+](C)C(C)c2[nH]c(=O)c3c(c(sc3n2)C)C,True
172,0,0,172:0:0,-7.01878,Cc1csc2n1c(=O)cc(n2)C[NH2+]C(C)c3ccccc3Cl,True
173,0,0,173:0:0,-4.51168,Cc1c2ccccc2oc1C(=O)NCC[NH+]3CCc4ccccc4C3,True
174,0,0,174:0:0,-6.6839,CCC1c2ccsc2CC[NH+]1CC(=O)Nc3c(ccs3)C#N,True
175,0,0,175:0:0,-5.3641,c1cc(c(cc1CSc2nnc(o2)C3CCC[NH2+]3)Cl)Cl,True
176,0,0,176:0:0,-4.431,CN(C)c1cccc2c1c(ccc2C(C(F)(F)F)O)N(C)C,True
177,0,0,177:0:0,-4.77996,CC(c1ccc(cc1)F)[NH2+]C(C)C(=O)N2CCc3c2cccc3,True
178,0,0,178:0:0,-6.6333,CC[NH+]1CCN(CC1)c2ccc(cc2)N=Cc3ccccc3O,True
179,0,0,179:0:0,-6.18346,c1cc(ccc1C2NC=NO2)C(C(c3ccc(cc3)F)O)(F)F,True
180,0,0,180:0:0,-8.08179,c1ccc(cc1)c2nc(on2)COC(=O)c3ccccc3OCC(=O)N,True
181,1,0,181:1:0,-6.44571,COC(=O)c1ccc(cc1)CNc2[nH+]c3ccccc3c(n2)NCCO,True
182,0,0,182:0:0,-5.43972,CCOc1cccc(c1OCc2ccc(cc2)C)CNn3c(nnn3)N,True
183,0,0,183:0:0,-7.41745,CC(=N)C(C#N)C(=O)COC(=O)c1cc(n[nH]1)c2ccc(cc2)Cl,True
184,0,0,184:0:0,-7.24169,C=C(C(C#N)C(=O)COC(=O)c1ccccc1C(=O)c2ccccc2)N,True
185,0,0,185:0:0,-5.88881,c1ccc2c(c1)CCOC2C[NH2+]CC(COc3ccccc3N(=O)=O)O,True
186,0,0,186:0:0,-5.87339,Cn1c2c(cn1)c(nc(n2)NCC=C)NCc3cc(ccc3OC)OC,True
187,0,0,187:0:0,-5.12994,CCc1nc([nH]n1)SCc2c(c(sc2C(=O)OC)N)C(=O)OC,True
188,0,0,188:0:0,-7.53674,CCOc1ccc(cc1)OCCn2nc(nn2)c3ccc(cc3)C(=O)N,True
189,0,0,189:0:0,-5.28425,CC(COC)OC(=O)c1c2c(nc3ccccc3n2)n(c1N)CCOC,True
190,0,0,190:0:0,-4.9952,c1ccc2c(c1)c(c[nH]2)CCC(=O)NCC(c3ccc(cc3)N(=O)=O)O,True
191,0,0,191:0:0,-9.02426,Cc1ccc(c(c1)O)C(=O)OCC(=O)N(CCC(=O)N)c2ccccc2,True
192,0,0,192:0:0,-3.99165,c1ccc(cc1)CONC2C(C(=NOCc3ccccc3)NC(=O)N2)F,True
193,0,0,193:0:0,-4.77032,CCN(CC)c1ccc(c(c1)O)C=NNC(=O)CCc2c([nH]nc2C)C,True
194,0,0,194:0:0,-5.19231,CCC(=NNC(=O)CCC(=O)NCc1ccccc1)c2ccc(cc2)O,True
195,0,0,195:0:0,-7.72228,COc1ccc(cc1C[NH+](Cc2ccc(cc2)C(=O)N)C3CC3)N(=O)=O,True
196,0,0,196:0:0,-6.52213,CC(C)Cc1nc(on1)C[NH+](C)C(C)c2ccc(cc2)S(=O)(=O)N,True
197,0,0,197:0:0,-3.93706,c1ccc(cc1)C(c2ccccc2)NC(=O)COC(=O)c3c(non3)N,True
198,0,0,198:0:0,-4.2714,c1ccc(cc1)C(=O)CSc2nnc(n2N)NN=Cc3cccs3,True
199,0,0,199:0:0,-4.7861,CCOC(=O)c1c(c2c(nc(nc2s1)C)NCC(C[NH+](C)C)O)C,True
200,1,0,200:1:0,-6.88309,Cc1c(c([nH]c1C(=O)CON=C(c2ccc(cc2)F)N)C)C(=O)OC,True
201,0,0,201:0:0,-7.23032,c1cc(ccc1CCNc2cnnc(n2)NCCc3ccc(cc3)O)O,True
202,0,0,202:0:0,-4.64815,CCOC(=O)c1ccc(cc1)NC(=O)COC(=O)c2ccc3c(c2)cn[nH]3,True
203,0,0,203:0:0,-4.9137,c1ccc(cc1)C(=NC(=O)OCCOC(=O)NC(=N)c2ccccc2)N,True
204,0,0,204:0:0,-6.32727,CCOC(=O)Cc1csc(n1)SCc2nc(nc(n2)N(C)C)N,True
205,0,0,205:0:0,-4.2608,c1cc(sc1)c2nc(on2)CCCCCNC(=O)c3c(nccn3)N,True
206,0,0,206:0:0,-5.21815,c1ccc2c(c1)nc(s2)CCCCC(=O)OCc3nc(nc(n3)N)N,True
207,0,0,207:0:0,-7.57156,c1cc(cc(c1)F)CCC(=O)OCC(=O)Nc2c(ccs2)C(=O)N,True
208,0,0,208:0:0,-7.95509,c1ccc(cc1)COc2ccc(cc2)C=CC(=O)OCC(=O)NC(=O)N,True
209,0,0,209:0:0,-2.50218,CC(C)C(=O)NNC(=O)C(Cc1ccccc1)NC(=O)c2ccccc2,True
210,0,0,210:0:0,-6.72254,CC(C#N)N(C)Cc1ccc(cc1)C(=O)NC,True
211,0,0,211:0:0,-7.4171,CCOC(=O)C1CCCC[NH+]1C2CC[NH+](CC2)C,True
212,0,0,212:0:0,-8.18269,c1ccc(cc1)C2C3N(CC[NH2+]2)C(=O)CS3,True
213,0,0,213:0:0,-8.16913,C[NH+]1CCN(CC1)C(=S)c2cc(c(c(c2)OC)O)OC,True
214,0,0,214:0:0,-6.90585,c1ccc(cc1)C(C#N)N2CCC(CC2)O,True
215,1,0,215:1:0,-6.61742,C1COCCN1[NH2+]C2C3CC4CC(C3)CC2C4,True
216,0,0,216:0:0,-4.76574,c1cc(nnc1NCC[NH+]2CC2)Cl,True
217,0,0,217:0:0,-4.38847,Cc1c2c(n(n1)C(=S)N)OC(C2)COCC#C,True
218,1,0,218:1:0,-5.41274,c1ccc(cc1)C=CC=NN2CCN(CC2)c3cccc[nH+]3,True
219,2,0,219:2:0,-6.90103,c1c([nH]c[nH+]1)C2CC3CCC2CC3=O,True
220,0,0,220:0:0,-5.08627,Cn1cc(cn1)C=C2C(=O)N(C(=S)N2)C3CC3,True
221,0,0,221:0:0,-5.75999,Cc1csc(n1)C[NH+](C)Cc2cc3c([nH]c2=O)CCCC3,True
222,0,0,222:0:0,-4.23471,C[c-]1c([n+](nn1)NS(=O)(=O)c2ccccc2)C,True
223,0,0,223:0:0,-5.25817,CS(=O)(=O)N1CC[NH+](CC1)Cc2c[nH]c3c2cccc3,True
224,0,0,224:0:0,-6.87935,CC1(CC(=O)CC(=C1)NN2CC[NH+](CC2)C)C,True
225,0,0,225:0:0,-6.42665,CC(C)CC(=O)N1CCCC(C1)CO,True
226,0,0,226:0:0,-5.12194,C#CC(C1C([NH2+]1)CF)[NH+]2CC2,True
227,0,0,227:0:0,-4.3944,c1cc([nH]c1)C=C(C#N)C(=O)NCc2ccco2,True
228,0,0,228:0:0,-6.02928,CC1C(=O)N(CC[NH2+]1)Cc2ccc(o2)C(=O)OC,True
229,0,0,229:0:0,-8.8834,c1ccc2c(c1)[nH]c(=O)n2CCC[NH+]3CCOCC3,True
230,0,0,230:0:0,-5.54917,CCC(C)C[n+]1c2ccccc2[nH]c1C(C)O,True
231,0,0,231:0:0,-6.54709,C[NH+]1C(C1C2CN2)CCOC,True
232,0,0,232:0:0,-7.20629,CC(=O)c1ccc(c(c1)C[NH+]2CCCC2)[O-],True
233,0,0,233:0:0,-5.85901,Cn1ccc(n1)C[NH2+]Cc2cccnc2,True
234,1,0,234:1:0,-6.63847,c1cc(oc1)C(CN2CCN(CC2)C(=O)C3CCCO3)O,True
235,0,0,235:0:0,-5.07409,CCSc1nnc(n1N)C(F)(F)Cl,True
236,0,0,236:0:0,-4.78164,CNC(=S)NCc1nnc2n1cccc2,True
237,0,0,237:0:0,-7.82596,CCCC1=[N+](CCc2c1cc(c(c2)O)O)CCC,True
238,0,0,238:0:0,-7.46185,c1cc(cc(c1)F)OCC(=O)N2CC[NH2+]CC2,True
239,0,0,239:0:0,-5.10794,C[NH+]1CCN(CC1)C(=S)NN(C)C,True
240,0,0,240:0:0,-4.48191,CCc1cc(n[nH]1)C(=O)NCCC[NH+]2CCN(CC2)c3ncccn3,True
241,0,0,241:0:0,-5.84982,Cc1c(c([nH]c1C(=O)CSc2nnc(n2N)C3CC3)C)C(=O)OC,True
242,0,0,242:0:0,-7.67095,CC(=O)NCCNC(=O)C[NH+]1CCN(CC1)Cc2ccc(cc2)C#N,True
243,0,0,243:0:0,-4.89427,C[NH+](C)CCNC(=O)c1ccccc1NS(=O)(=O)c2ccccc2,True
244,1,0,244:1:0,-5.81673,c1ccc(c(c1)CCNC(=O)CCS(=O)(=O)N2CCNCC2)F,True
245,0,0,245:0:0,-4.64892,CCN(CC)S(=O)(=O)c1cccc(c1)c2nnc(n2N)SCC,True
246,0,0,246:0:0,-7.69872,c1ccc2c(c1)c(c[nH]2)CCN3C(=O)C(NC3=O)CCC(=O)NC4CC4,True
247,0,0,247:0:0,-6.22397,CC(C(=O)NC(=O)NCc1ccco1)OC(=O)C=Cc2ccnn2C,True
248,0,0,248:0:0,-4.1283,Cc1ccc(cc1)S(=O)(=O)NCC(C)NC(=O)C[NH+]2CCCC2,True
249,1,0,249:1:0,-8.41081,c1cc(ccc1C(=O)CSc2nnc(s2)SCC(=O)N)O,True
250,0,0,250:0:0,-8.37259,c1ccc2c(c1)c(=O)n(cn2)CCC(=O)OCc3ccc(cc3)C(=O)N,True
251,0,0,251:0:0,-6.9507,CCOC(=O)C1=C(NC(=O)NC1)CSc2nnnn2C(C)(C)C,True
252,0,0,252:0:0,-7.25517,CC(=O)Nc1cccc(c1)NC(=O)COC(=O)C=Cc2cnn(c2)C,True
253,0,0,253:0:0,-7.23479,c1cc(oc1)CN(CCC#N)C(=O)CSc2ncc(c(n2)N)C#N,True
254,0,0,254:0:0,-3.27283,COc1ccc(cc1)C(=O)NNC(=O)COC(=O)c2cc(c[nH]2)Cl,True
255,0,0,255:0:0,-5.1402,CCN(CC)S(=O)(=O)c1cc([nH]c1)C(=O)NC(C)c2ccncc2,True
256,0,0,256:0:0,-6.68338,CCN(CC)C(=S)SCC(=O)c1c(n(c(=O)n(c1=O)C)C)N,True
257,0,0,257:0:0,-5.55372,CNS(=O)(=O)Cc1ccc(cc1)CNC(=O)c2cc(on2)C3CC3,True
258,0,0,258:0:0,-7.34884,CCOC(=O)NC(CNC(=O)c1ccc(=O)n(n1)C)c2ccccc2,True
259,0,0,259:0:0,-4.35077,Cc1cc(no1)NC(=O)C(=O)NCC(c2cccc(c2)OC)[NH+](C)C,True
260,0,0,260:0:0,-5.39341,CCCCS(=O)(=O)N1CCCC(C1)Cn2cc(nn2)C(C)(C)[NH3+],True
261,0,0,261:0:0,-8.47946,CCOC(=O)C=C1N(C(=O)CS1)CC[NH+]2CCC(CC2)C(=O)N,True
262,0,0,262:0:0,-6.42162,CCOC(=O)C(=CNNC(=O)c1cncn1c2ccc(cc2)F)C#N,True
263,0,0,263:0:0,-8.68282,CN(c1ccccc1)C(=O)c2cc(c(c(c2)OC)OCC(=O)N)OC,True
264,1,0,264:1:0,-5.42454,Cc1ccc(o1)C=Cc2[nH]nc(n2)SCC(=O)NC(=O)NCC=C,True
265,0,0,265:0:0,-7.65324,CCCCn1c(nnn1)Cn2c(ccc(c2=O)C(=O)N)C(F)(F)F,True
266,0,0,266:0:0,-6.83459,COc1ccc(cc1)c2cnnc(n2)NCC[NH+]3CCCCC3CO,True
267,0,0,267:0:0,-4.50538,c1ccc2c(c1)nc(s2)CCC(=O)OCC(=O)NC(=O)NC3CC3,True
268,0,0,268:0:0,-7.02697,Cc1c(cc2ccc(cc2n1)F)C(=O)OCC(=O)NCCNC(=O)C,True
269,2,0,269:2:0,-7.15903,CC(C(=O)NC1CC1)N2CC[NH+](CC2)CC(C[NH+]3CCOCC3)O,True
270,0,0,270:0:0,-7.59197,C[NH+](Cc1ccc(cc1)C(=O)OC)Cc2cccc(c2)C(=O)N,True
271,0,0,271:0:0,-4.7234,c1ccc(cc1)OCC(C[NH2+]CC2c3ccccc3CCO2)O,True
272,1,0,272:1:0,-5.34434,CC[NH+](CC)Cc1ccccc1CNC(=O)c2ccccc2O,True
273,0,0,273:0:0,-4.88982,CCCn1c(nnn1)CSC(=NC(C)c2ccccc2)N,True
274,1,0,274:1:0,-5.79506,Cc1c(c[nH]n1)CCC[NH2+]Cc2cc3c(cc2OC)CC(O3)C,True
275,0,0,275:0:0,-4.93733,CC[NH2+]Cc1ccc(cc1)S(=O)(=O)NCc2cccc(c2)C,True
276,0,0,276:0:0,-7.49593,COC(=O)c1ccc(cc1)CSC(=NCC2CCCO2)N,True
277,0,0,277:0:0,-6.49889,CC(c1ccccc1OC)[NH2+]CC(=O)NCc2ccc(cc2)F,True
278,0,0,278:0:0,-4.77682,COc1ccccc1C[NH2+]C(c2ccccc2)C(=O)NC3CC3,True
279,0,0,279:0:0,-7.00198,CNC(=O)NC(=O)C[NH+](CCc1ccccc1)Cc2ccccc2,True
280,0,0,280:0:0,-4.35193,C=CC[NH+](Cc1ccccc1)CC(=O)NC(=O)NC2CCCC2,True
281,0,0,281:0:0,-4.62691,CCN(CC)c1ccc(cc1)C(=O)NNC(=C)c2ccccn2,True
282,0,0,282:0:0,-8.06516,CC(C)C(=O)NCC[NH2+]Cc1ccc(o1)c2ccccc2F,True
283,0,0,283:0:0,-4.46327,CCC(C(=O)OCC)Oc1cccc(c1)c2csc(n2)N,True
284,0,0,284:0:0,-5.13647,CCC(C(=O)Nc1cc(on1)C)[NH2+]Cc2ccccc2OC,True
285,1,0,285:1:0,-7.10405,Cc1cc(on1)CCCSCc2ccc(s2)C(=N)NO,True
286,0,0,286:0:0,-4.93511,CCCCCOC(=O)C1C(NC(=O)NC1=C)c2cccc(c2)F,True
287,0,0,287:0:0,-6.32389,c1ccc(c(c1)CN2CCCC(C2)[NH2+]CCCn3cccn3)F,True
288,0,0,288:0:0,-3.85382,CCc1ccc(cc1)C[NH+](C)C(C)C(=O)NC(=O)NCC=C,True
289,0,0,289:0:0,-7.39819,C[NH+](C)CCCC(c1ccccc1)(c2ccc(cc2CO)C#N)O,True
290,1,0,290:1:0,-5.5605,CCCc1cc([nH]n1)C(=O)NCC(c2ccsc2)[NH+](C)C,True
291,0,0,291:0:0,-4.54328,Cc1ccc(cc1)C[NH+](C)CC(=O)NNC(=O)c2ccccc2,True
292,0,0,292:0:0,-7.0644,CNC(=O)c1ccc(cc1)C[NH2+]Cc2ccccc2OCC#C,True
293,0,0,293:0:0,-6.42762,CC(c1ccc2c(c1)OCO2)[NH2+]CC(COc3ccccc3F)O,True
294,0,0,294:0:0,-6.88481,CCOC(=O)c1c(c2c(o1)ccc(c2Cl)C[NH2+]CCO)C,True
295,0,0,295:0:0,-4.6992,CC(C)NC(=N)SCC(=O)N(Cc1ccccc1)C(C)C,True
296,0,0,296:0:0,-9.19527,Cc1cc(n(n1)c2ccc(cc2)C[NH+](CC(C)C)CC(=O)N)C,True
297,0,0,297:0:0,-8.01145,CNC(=O)c1ccc(cc1)C[NH+](CC(c2ccccc2)O)C3CC3,True
298,0,0,298:0:0,-6.91021,CC(c1ccccc1)[NH2+]Cc2cccn2CC[NH+]3CCOCC3,True
299,0,0,299:0:0,-5.21497,CCC(C)c1ccc(c(c1)C(C[NH+]2CCNCC2)O)OCC,True
300,0,0,300:0:0,-5.39277,Cc1cc(c([nH]1)C)C(=O)COC(=O)CNC(=O)c2cccc(c2)N(=O)=O,True
301,0,0,301:0:0,-2.95259,c1ccc(cc1)CC(=O)NNC(=O)CNS(=O)(=O)Cc2ccccc2,True
302,0,0,302:0:0,-8.03956,Cn1c(c(c(=O)n(c1=O)C)C(=O)C[NH+](C)CCCOc2ccccc2)N,True
303,0,0,303:0:0,-4.88651,CCOC(=O)c1c(c(c([nH]1)C)C(=O)OCC(=O)NC(=O)NC(C)C)C,True
304,1,0,304:1:0,-7.90604,c1ccc(cc1)C=CS(=O)(=O)Nc2cccc(c2)C(=O)OCC(=O)N,True
305,0,0,305:0:0,-2.48612,CC(C(=O)N(C(C)C(=O)OC)C(=O)C(C)(C)[NH3+])NC(=O)OC(C)(C)C,True
306,0,0,306:0:0,-7.67915,CC(=C(C#N)C(=O)COC(=O)c1cccc(c1)S(=O)(=O)NCC#C)N,True
307,0,0,307:0:0,-3.04854,CC(C)C(C(=O)OCC(=O)NNC(=O)c1ccccc1F)NC(=O)C,True
308,0,0,308:0:0,-6.70135,CC(=O)NCCNC(=O)c1ccc(c(c1)S(=O)(=O)NCC=C)Cl,True
309,0,0,309:0:0,-5.95448,CC(COC)NC(=O)NC(=O)C(C)[NH+](C)Cc1ccccc1N(=O)=O,True
310,0,0,310:0:0,-7.49233,CC(C)CNC(=O)NC(=O)COC(=O)C=Cc1ccc(cc1)C(=O)NC,True
311,0,0,311:0:0,-8.23645,c1cc(ccc1CC(=O)N)OCc2nc(on2)C(=O)NCC3CCCO3,True
312,0,0,312:0:0,-4.2365,Cc1ccc(cc1)C(=O)CCC(=O)NNC(=O)C(=O)NCc2ccco2,True
313,0,0,313:0:0,-9.40823,c1cc(ccc1N(CCC(=O)N)C(=O)COC(=O)c2c(nccn2)N)F,True
314,0,0,314:0:0,-7.51661,CCCOc1ccc(cc1)CCC(=O)NN=Cc2c([nH]c(=O)[nH]c2=O)C,True
315,0,0,315:0:0,-7.00573,CC(C(=O)NC(=O)NC(C)(C)C)Sc1n[nH]c(=O)n1CCCOC,True
316,0,0,316:0:0,-8.40885,COc1ccc(cc1OC)C=NNc2nnc(n2N)SCC(=O)N,True
317,0,0,317:0:0,-7.84029,CC(C(=O)NC(=O)NC1CC1)OC(=O)c2ccc(cc2)CCNC(=O)C,True
318,0,0,318:0:0,-6.65882,CC(C)Cn1c(c(c(=O)[nH]c1=O)N(CCOC)CC2CCCCO2)N,True
319,0,0,319:0:0,-8.35968,c1cc(ccc1CNC(=O)COC(=O)CCC2C(=O)NC(=O)N2)Cl,True
320,0,0,320:0:0,-8.50513,CC1(C(=O)N(C(=O)N1)CCOC(=O)CC(c2ccccc2)NC(=O)N)C,True
321,0,0,321:0:0,-7.29034,Cc1cc(ccc1OCC(=O)NN=CC(C(C(C(C)O)O)O)O)Cl,True
322,0,0,322:0:0,-8.66768,CCCn1c(=O)ccc(n1)C(=O)OCC(=O)Nc2ccc(cc2)C(=O)N,True
323,0,0,323:0:0,-8.98261,Cc1nnc(o1)COC(=O)CSc2ccc(cc2N(=O)=O)C(=O)N,True
324,0,0,324:0:0,-3.77013,CC1CC(=O)C(C1CN(=O)=O)CC(=O)NCC(=O)NCc2ccccc2,True
325,0,0,325:0:0,-5.17035,CC(C)[NH2+]CC(COc1ccc(c2c1cccc2)OS(=O)(=O)[O-])O,True
326,0,0,326:0:0,-6.91983,CC(C)C(C(=O)NNC(=O)Cn1nc(nn1)c2ccccc2)NC(=O)C,True
327,0,0,327:0:0,-7.57082,CCNc1nc(nc(n1)n2cnc(n2)SCC(=O)N)NC(C)(C)C,True
329,0,0,329:0:0,-8.37739,c1cc(cnc1)CNC(=O)C(=O)NN=Cc2ccc(cc2)OCC(=O)N,True
330,1,0,330:1:0,-4.58806,Cn1cc(c(n1)c2cccc(c2)Cl)C[NH+](C)Cc3[nH]c4cc(ccc4n3)F,True
331,0,0,331:0:0,-5.40516,CCc1ccc(cc1)C[NH+]2CCN(CC2)Cc3cc(ccc3O)Br,True
332,0,0,332:0:0,-5.50217,c1ccc(cc1)C[NH+]2CC(CC2c3nc(no3)c4ccc(cc4)C(F)(F)F)O,True
333,0,0,333:0:0,-5.88237,CCc1cccc2c1[nH]cc2C(=O)C[NH+]3CCCC(C3)c4nc5ccccc5o4,True
334,0,0,334:0:0,-3.71901,Cn1c(cnc1NCc2ccc(cc2)N(C)C)c3ccc(cc3)Br,True
335,0,0,335:0:0,-5.23644,CCOc1c(ccc2c1CC[NH2+]C2c3cc(cc(c3OC)Cl)Cl)OC,True
336,1,0,336:1:0,-4.64743,CC(=Cc1ccco1)C[NH+]2CCCC(C2)c3c(c[nH]n3)c4c(cccc4F)F,True
337,1,0,337:1:0,-4.32694,CC(C)CN1CCOC(C1)CNC(=O)c2cc3c(s2)-c4ccccc4CC3,True
338,0,0,338:0:0,-6.14794,Cc1nccn1Cc2cccc(c2)CNC(=O)c3cc4c(s3)CCC(C4)C,True
339,0,0,339:0:0,-6.5672,CC(C)CC(c1ccc2c(c1)C[NH+](CCO2)Cc3ccc4c(c3)nsn4)O,True
340,0,0,340:0:0,-4.17569,c1ccc(cc1)C[NH+]2CCC(C2)NC(=O)c3ccccc3c4ccccc4C#N,True
341,0,0,341:0:0,-7.13873,c1ccc(cc1)c2nc(cc(n2)N3CC[NH+](CC3)CCO)c4ccccc4F,True
342,0,0,342:0:0,-4.85089,C[NH+](C)C(CNC(=O)c1c(c2ccc(cc2s1)F)Cl)c3ccsc3,True
343,0,0,343:0:0,-5.1344,Cc1ccc(cc1)C(c2ccccc2)[NH2+]Cc3cc(=O)n4cc(ccc4n3)Cl,True
344,0,0,344:0:0,-4.79673,c1ccc(c(c1)Cc2nnc(n2N)SCc3ccc(c(c3)Cl)Cl)F,True
345,1,0,345:1:0,-4.4788,COc1cc2c(cc[nH+]c2cc1OC)Nc3cc(c(cc3Cl)Cl)OC,True
346,0,0,346:0:0,-1.27308,CC(CNC(=O)N(C)Cc1ccc2ccccc2c1)[NH+]3CCc4ccccc4C3,True
347,0,0,347:0:0,-5.52953,c1ccc(cc1)Cn2ccn(c2=S)C[NH+]3CCN(CC3)c4ccccc4O,True
348,0,0,348:0:0,-4.55043,CC(C(=O)NC1CCCc2c1cccc2)OC(=O)c3cc4cc(ccc4[nH]3)F,True
349,0,0,349:0:0,-4.88827,c1cc(ccc1c2ccc(o2)C[NH2+]Cc3cc4c(c(c3)Cl)OCCCO4)F,True
350,0,0,350:0:0,-7.77555,CCc1ccc2c(c1)C(Cc3ccccc3S2)[NH+]4CCN(CC4)CCCO,True
351,0,0,351:0:0,-4.83626,Cn1cccc1C(CNC(=O)c2cccc(c2)Cl)[NH+]3CCc4ccccc4C3,True
352,0,0,352:0:0,-4.37685,Cc1cccc(c1)C[NH+]2CCCC3(C2)CC[NH+](C3)Cc4cnc(s4)N(C)C,True
353,0,0,353:0:0,-5.21299,COc1ccccc1Nc2ncc3c(n2)CC[NH+](C3)Cc4cccc(c4)Cl,True
354,0,0,354:0:0,-4.41072,CC(C(=O)Nc1ccc(c(c1)F)F)[NH+](C)Cc2ccc(cc2)Br,True
355,0,0,355:0:0,-4.54253,Cc1ccc(cc1)n2cc(c(n2)c3ccc(cc3)F)CN4CCC(C4)[NH+](C)C,True
356,0,0,356:0:0,-4.15655,CC(c1ccccc1)NC(=O)C[NH+]2CCc3c(ccs3)C2c4cccs4,True
357,0,0,357:0:0,-4.11822,CC(c1cccc2c1cccc2)NC(=O)C(C)[NH+]3CCOC(C3)c4ccccc4,True
358,0,0,358:0:0,-4.29412,CCOc1ccccc1C2c3c(c4ccccc4[nH]3)CC[NH+]2Cc5cccnc5,True
359,0,0,359:0:0,-5.00249,Cc1c(cnn1c2cccc3c2cccc3)C(C)[NH2+]Cc4cccc5c4non5,True
360,0,0,360:0:0,-3.89589,CC(c1nc(no1)c2ccco2)Sc3nccn3C,True
361,0,0,361:0:0,-6.08879,COc1ccc(cc1)c2nnc3n2N=C4CCCCC4S3,True
362,0,0,362:0:0,-6.81038,c1ccc(cc1)C=CC2OCC(O2)C[NH+]3CCOCC3,True
363,0,0,363:0:0,-4.54637,c1ccc(cc1)c2nnc(o2)c3ccc(o3)Br,True
364,0,0,364:0:0,-4.02178,CC(=Nn1c(n[nH]c1=O)Cc2ccccc2)c3ccccc3,True
365,0,0,365:0:0,-4.77802,Cc1cc(no1)CSc2nnnn2c3cccc(c3)F,True
366,0,0,366:0:0,-4.79154,CCCC1c2cccn2CC[NH+]1Cc3ccnc(n3)C,True
367,0,0,367:0:0,-3.84125,c1ccn(c1)c2nccc(n2)c3cccs3,True
368,0,0,368:0:0,-4.19656,Cn1cc(cn1)C[NH+](C)Cn2c3ccccc3n(c2=S)C,True
369,0,0,369:0:0,-5.00892,Cc1nn(c(=S)s1)C[NH+]2CCC(CC2)C,True
370,0,0,370:0:0,-4.69885,c1cc2c(c3c1nc([nH]3)C(F)(F)F)nsn2,True
371,0,0,371:0:0,-3.98442,CCN(CC)C1(CCCCC1)C#N,True
372,0,0,372:0:0,-6.85223,CCOC(=O)c1c(c2ccc(cc2[nH]1)Cl)C=O,True
373,0,0,373:0:0,-4.88903,c1ccc2c(c1)CC[NH+](C2)CCn3c(=O)n4ccccc4n3,True
374,1,0,374:1:0,-4.5814,c1ccc(cc1)CS(=O)(=O)Nc2ccc(cc2F)F,True
375,0,0,375:0:0,-5.19025,CCn1c(n[nH]c1=S)Cc2c3ccccc3on2,True
376,0,0,376:0:0,-5.17048,CCc1c2cc(c(cc2cc(n1)C)OC)OC,True
377,1,0,377:1:0,-5.37983,c1ccc2c(c1)CCN2Cc3cn4ccccc4[nH+]3,True
378,0,0,378:0:0,-4.62431,CCC(C)[NH+]1CCN(CC1)S(=O)(=O)c2ccc(cc2)C,True
379,1,0,379:1:0,-4.19708,CN1CC[NH+](CC1)Cc2c(cccc2Cl)F,True
380,0,0,380:0:0,-4.68057,Cc1nc2c3cc(ccc3n(c2s1)CC(=O)OC)F,True
381,0,0,381:0:0,-7.17723,c1ccc2c(c1)cc(c(n2)n3cncn3)CCl,True
382,0,0,382:0:0,-4.30329,CC(c1n[nH]c(=S)n1c2ccc(cc2)F)[NH+](C)C,True
383,0,0,383:0:0,-4.81253,CC(C)n1c2c(cn1)nc([nH]2)c3cccc(c3)n4cccn4,True
384,0,0,384:0:0,-5.23993,CC(=O)N1CC[NH+]=C1c2ccccc2c3ccccc3OC,True
385,0,0,385:0:0,-3.67204,C(C(F)(F)F)(OC(F)Cl)F,True
386,0,0,386:0:0,-4.40435,c1ccc2c(c1)nc(o2)C3CCC[NH+](C3)Cc4cscn4,True
387,0,0,387:0:0,-4.80173,CC(Cn1nc2ccccc2n1)CCl,True
388,0,0,388:0:0,-4.06384,Cc1n[nH]c(=S)n1c2cc(ccc2Cl)C(F)(F)F,True
389,0,0,389:0:0,-4.17279,Cc1cc(n(n1)C(=O)C2CC2c3ccccc3)C(F)(F)F,True
390,0,0,390:0:0,-5.52032,CCCOc1ccc(cc1)N2C(=O)CC(C2=O)[NH2+]CC(c3ccccc3)O,True
391,0,0,391:0:0,-8.05957,Cc1ccc(c(c1)O)C(=O)OCC(=O)N(CCC(=O)N)Cc2ccccc2,True
392,1,0,392:1:0,-4.4926,CCOC(=O)c1c(c(sc1N)C(=O)OCC)CSc2[nH]nc(n2)C,True
393,0,0,393:0:0,-7.20796,COCC[NH2+]C(c1ccccc1)C(=O)Nc2ccc(cc2Cl)N(=O)=O,True
394,0,0,394:0:0,-7.48144,Cc1cccc(c1)C(CC(=O)OC(c2ccccc2)C(=O)OC)NC(=O)N,True
395,0,0,395:0:0,-3.96619,CCCOC(=O)c1ccc(cc1)OCC(=O)NN=C(C)c2cccc(c2)N,True
396,0,0,396:0:0,-7.67034,Cc1cccc(c1)OCCNC(=O)C(C)OC(=O)c2ccc(cc2)C(=O)N,True
397,0,0,397:0:0,-6.63087,CCOc1ccc(cc1)OC(C)C(=O)NNC(=O)CCc2ccccc2O,True
398,0,0,398:0:0,-7.60545,CC(C)C(C(=O)NC(=O)N)OC(=O)C=Cc1cnn(c1)Cc2ccccc2,True
399,0,0,399:0:0,-6.77927,CCOc1cc(ccc1O)C=NNC(=O)CCCNC(=O)c2ccccc2,True
400,0,0,400:0:0,-5.16922,CCCc1cc(n[nH]1)C(=O)OCC(=O)Nc2ccccc2C(=O)NC3CC3,True
401,0,0,401:0:0,-7.1059,c1cscc1CSCC(=O)OCC(=O)Nc2c(ccs2)C(=O)N,True
402,0,0,402:0:0,-7.72195,CC(C(=O)Nc1ccc(cc1)CC#N)OC(=O)c2ccccc2NCCO,True
403,0,0,403:0:0,-5.91423,CC(COC)NC(=O)NC(=O)COC(=O)c1ccc(cc1)c2ccccc2,True
404,0,0,404:0:0,-8.63808,CCOC(=O)C=Cc1ccc(cc1)NC(=O)c2ccccc2OCC(=O)N,True
405,0,0,405:0:0,-4.77601,CCOC(=O)c1c(c(c([nH]1)C)C(=O)COC(=O)c2ccc3c(c2)cn[nH]3)C,True
406,0,0,406:0:0,-4.55989,CCCCOC(=O)c1cccc(c1)c2ccc(o2)C=NNc3nncn3N,True
407,0,0,407:0:0,-8.60247,CCCn1c(c(c(=O)n(c1=O)C)C(=O)C[NH+](Cc2ccccc2)C(C)C)N,True
408,0,0,408:0:0,-4.10023,CCC(C)C(C(=O)NNC(=O)c1ccco1)NC(=O)OCc2ccccc2,True
409,0,0,409:0:0,-5.42402,CCN(CC)c1ccc(c(c1)O)C=NCc2ccc(cc2)CS(=O)(=O)N,True
410,0,0,410:0:0,-9.56624,CCCc1cc(=O)nc([nH]1)SCC(=O)N(CCC(=O)N)c2ccccc2,True
411,0,0,411:0:0,-4.3033,c1cc(ccc1CNC(=S)NNC(=O)COc2ccc(cc2)N(=O)=O)F,True
412,0,0,412:0:0,-6.86808,C=COCCSc1nnc(n1N)NN=Cc2c3ccccc3ccc2O,True
413,0,0,413:0:0,-5.55529,CCOC(=O)C=CC(=O)NC(=S)NNC(=O)Cc1cccc2c1cccc2,True
415,0,0,415:0:0,-7.52454,CCc1ccc(cc1)C[NH+](C)CC(=O)c2c(n(c(=O)[nH]c2=O)CC(C)C)N,True
416,0,0,416:0:0,-7.04664,Cc1ccc(cc1C(=O)N)S(=O)(=O)NCc2ccccc2COC(C)C,True
417,0,0,417:0:0,-4.36491,CCCNC(=O)NC(=O)C(C)OC(=O)CCc1cnn(c1)c2ccccc2,True
418,0,0,418:0:0,-5.50411,CC(c1ccccc1OC)[NH+](C)CCOc2ccc(cc2)S(=O)(=O)N,True
420,0,0,420:0:0,-5.94103,C[NH+](CCc1ccccn1)C2CCCN(C2)CCCn3cccn3,True
421,0,0,421:0:0,-4.34962,CC[NH+](CC(=O)NCc1ccccc1Cn2cccn2)C3CC3,True
422,0,0,422:0:0,-7.05892,c1ccc2c(c1)c(c[nH]2)CCCC(=O)NCCCN3CCCC3=O,True
423,0,0,423:0:0,-6.49101,COCCNC(=S)N1CC[NH+](CC1)Cc2cccc(c2)OC,True
424,0,0,424:0:0,-4.62393,C=CC[NH2+]CCC1CCC(=O)N1Cc2ccc(cc2)n3cccn3,True
425,0,0,425:0:0,-5.11907,CC[NH+](CC)CC[NH+](C)Cc1cc(ccc1O)c2ccccn2,True
426,1,0,426:1:0,-5.15613,CN(C)[NH2+]CCc1nnc(o1)SCC=Cc2ccccc2,True
427,0,0,427:0:0,-5.16437,c1cc(cnc1)CN(Cc2cccnc2)C(=S)NCC3CCCO3,True
428,0,0,428:0:0,-3.61725,CCC[NH+](CCC(=O)NC(C)C)Cc1nnc(o1)c2cccs2,True
429,1,0,429:1:0,-6.69268,Cn1cc[nH+]c1C(c2ccc(cc2)F)NC(=O)CSCCOC,True
430,0,0,430:0:0,-7.38733,COCC[NH+](Cc1ccco1)CC(=O)Nc2c(ccs2)C#N,True
431,0,0,431:0:0,-6.09789,c1cc(ccc1N(CCC#N)C(=S)NCC[NH+]2CCOCC2)F,True
432,0,0,432:0:0,-4.14007,CC(C)n1c(ccn1)NC(=O)C[NH+](C)CCCOc2ccccc2,True
433,0,0,433:0:0,-5.7758,C#CCNC(=O)COC(=O)CCc1ccc(o1)c2ccccc2,True
434,0,0,434:0:0,-6.87165,Cc1ccc(o1)C[NH+](C)CC(COc2ccc(cc2)CC#N)O,True
435,0,0,435:0:0,-4.58324,Cc1c(c(n(n1)C)C)CC(=O)NCCC[NH+](C)Cc2ccccc2,True
436,0,0,436:0:0,-6.7932,Cc1ccc2c(c1)nc([nH]2)SCC(=O)N(CCOC)CCOC,True
437,0,0,437:0:0,-8.37275,c1ccc(cc1)CCSc2nnc(n2C3CC3)CCC(=O)N,True
438,0,0,438:0:0,-5.66419,c1ccc(cc1)COP(=O)(NO)N(CCCl)CCCl,True
439,0,0,439:0:0,-4.53796,CCCCNC(=S)N(C)NC(=O)c1cc(on1)c2ccco2,True
440,0,0,440:0:0,-7.21114,CC[NH+](CCO)CC(=O)N(C)Cc1ccc2cc(ccc2c1)OC,True
441,0,0,441:0:0,-6.5118,c1ccc(c(c1)CNC(=O)NCCCOCc2ccco2)F,True
442,0,0,442:0:0,-4.15271,CCOC(=O)c1c(c2ccccc2o1)C[NH+](C)CC(=O)NC3CC3,True
443,0,0,443:0:0,-4.09029,Cc1ccc(o1)CCNC(=O)NCC(=O)OCc2ccccc2,True
444,0,0,444:0:0,-4.22717,CCCC[NH+](CC)CC(=O)Nc1c(nn(c1C)c2ccccc2)C,True
445,0,0,445:0:0,-7.40776,C[NH+](Cc1cc(ccc1F)C#N)CC(COCC2CCCO2)O,True
446,1,0,446:1:0,-5.63365,c1ccc(cc1)CCCN2CC[NH+](CC2CCO)Cc3ccon3,True
447,0,0,447:0:0,-4.6338,CC[NH+](CC)CC[NH2+]Cc1nnc(o1)c2ccc(cc2)Cl,True
448,0,0,448:0:0,-4.93202,CCn1c(c(cn1)C[NH+](CCC[NH+](C)C)Cc2ccc(o2)C)C,True
449,0,0,449:0:0,-3.97065,CCCCCNC(=O)CSc1nncn1c2ccccc2F,True
450,0,0,450:0:0,-5.82728,CCOC(=O)C(c1ccc(cc1)OCc2ccc(cc2)OC)[NH3+],True
451,0,0,451:0:0,-3.79343,CCCCOC(=O)CSc1c(c(c(c(n1)C)C)C)C(=O)N,True
452,0,0,452:0:0,-3.6039,CCC(C)NC(=O)C(Cc1c[nH]c2c1cccc2)NC(=O)OCC,True
453,0,0,453:0:0,-5.43673,CC(C)CC(=O)NC(=S)NNC(=O)CCc1ccccc1,True
454,0,0,454:0:0,-8.15038,CC[NH+](CC)Cc1ccc(cc1)CNc2c(cccn2)C(=O)N,True
455,0,0,455:0:0,-5.43415,CCCCCC1C(CCC1O)CC(=O)NN=Cc2cccnc2,True
456,0,0,456:0:0,-5.17118,CCOC(=O)c1c(n(c2c1cccc2)CC(C[NH2+]C(C)C)O)C,True
457,0,0,457:0:0,-4.76252,CCOc1c(cccn1)C[NH2+]C(c2ccccc2)C(=O)NC3CC3,True
458,0,0,458:0:0,-4.77431,CC[NH+](CC)CCC(=O)Nc1c2ccccc2[nH]c1C(=O)OC,True
459,0,0,459:0:0,-7.88879,COCC[NH2+]CC(CON=C1c2ccccc2-c3c1cccc3)O,True
460,0,0,460:0:0,-6.83663,Cc1c(cn[nH]1)CCC[NH2+]Cc2cnn(c2)Cc3ccccc3,True
461,0,0,461:0:0,-8.78936,c1ccc(cc1)C(=O)C(CCCC(C(=O)c2ccccc2)[NH3+])[NH3+],True
462,0,0,462:0:0,-4.0234,CNC(=O)OCC(COC(=O)N)(c1ccccc1)c2ccccc2,True
463,0,0,463:0:0,-6.65449,CN(c1cccc(c1)OCCC[NH3+])C(=O)CCc2ccccc2,True
464,1,0,464:1:0,-6.76676,CC(C)CC[NH2+]Cc1ccc(c(c1)CN2CCOCC2)OC,True
465,0,0,465:0:0,-4.24164,CCCCC(=O)NNC(=C)CC(=O)Nc1cccc(c1)Cl,True
466,0,0,466:0:0,-7.61262,CCOCc1ccc(cc1)C[NH2+]Cc2ccc(cc2)NC(=O)C,True
467,0,0,467:0:0,-3.475,CCCCCCC(C)NC(=O)NNC(=O)c1cc(oc1C)C,True
468,1,0,468:1:0,-3.92579,CC(CNC(=O)CON=C(c1ccccc1)N)c2ccccc2,True
469,0,0,469:0:0,-7.36486,Cc1ccc(c(c1C)OCC(C[NH+](C)CC(=O)NC(C)C)O)C,True
470,0,0,470:0:0,-7.67226,CC(C)Oc1ccc(cc1OC)C(C)[NH2+]CC(c2ccco2)O,True
471,0,0,471:0:0,-8.65001,c1ccc(cc1)C[NH+](CCC(=O)N)Cc2cc(ccc2F)C#N,True
472,0,0,472:0:0,-7.49533,CC[NH+](CCO)CC(=O)Nc1ccccc1Cc2ccccc2,True
473,0,0,473:0:0,-5.71805,CCOc1ccc2c(c1)c3c([nH]2)c(ncn3)NCCCOC(C)C,True
474,0,0,474:0:0,-7.96466,c1ccc(c(c1)OCCOC(=O)c2ccc(cc2)CNC(=O)N)F,True
475,0,0,475:0:0,-4.49088,CCCN(CCC)C(=O)CNc1cc(ccc1C(=O)N)Cl,True
476,0,0,476:0:0,-7.73559,Cc1ccc(cc1Cl)c2ccc(o2)C[NH2+]CC[NH2+]CC(C)O,True
477,0,0,477:0:0,-6.44006,CCC(CO)NC(=S)NC(=O)c1cccc(c1)OC(C)C,True
478,1,0,478:1:0,-6.77132,CCN(Cc1cccc(c1)F)C(=O)CSC(=N)NCC=C,True
479,0,0,479:0:0,-4.20462,CCC(C)(C)[NH2+]CC(=O)NCCc1ccc(cc1)n2cccn2,True
480,0,0,480:0:0,-7.52596,c1ccc(cc1)CC(c2ccccc2)[NH2+]C(CO)(CO)CO,True
481,1,0,481:1:0,-7.58538,C[NH+](CCCCCC(=O)NO)Cc1ccc2ccccc2c1,True
482,0,0,482:0:0,-6.81302,CC[NH+](CC)CCCC(C)Nc1cc(cc2c1nccc2)O,True
483,0,0,483:0:0,-8.09269,c1ccc(cc1)C[NH2+]CC(C(=O)N)[NH2+]Cc2ccccc2,True
484,0,0,484:0:0,-5.75294,CC[NH+](CC)CCNC(=O)c1c(c(c([nH]1)C)C(=O)OC)C,True
485,0,0,485:0:0,-5.67547,Cc1ccc(c(c1)C[NH+](CCC[NH+](C)C)Cc2ccco2)O,True
486,0,0,486:0:0,-4.22366,CC[NH+]1CCCC1C[NH2+]CC(COc2ccccc2)O,True
487,1,0,487:1:0,-7.59657,c1cc[nH+]c(c1)NCC(CCl)OCC(CCl)O,True
488,0,0,488:0:0,-3.88748,CC[NH+](CC)CCCNC(=O)C(=O)c1c[nH]c2c1cccc2,True
489,0,0,489:0:0,-3.93603,CCOCCC[NH2+]CC(=O)NC1(C2CCC(C2)C1(C)C)C,True
490,0,0,490:0:0,-5.38415,CCN(c1ccccc1)C(=O)CSC(=NCCOC)N,True
491,1,0,491:1:0,-6.46557,COc1cc(cc(c1OC)OC)C[NH2+]CCN2CCCC2,True
492,0,0,492:0:0,-6.20472,COCC[NH2+]C1CC[NH+](CC1)CCc2ccc(cc2)OC,True
493,0,0,493:0:0,-4.67885,COCCCNC(=S)NN=Cc1ccc(cc1)O,True
494,0,0,494:0:0,-6.30116,CC(=NNC(=O)N)CCCCOCc1ccccc1,True
495,0,0,495:0:0,-6.48002,CCn1cc(c2c1cccc2)C[NH2+]CC[NH2+]CC(C)O,True
496,0,0,496:0:0,-2.87553,CCCC[NH+](C)CCCC(=O)Nc1cc(ccc1F)N,True
497,0,0,497:0:0,-2.96007,CCCCCCC(=O)NCCc1cnc[nH]1,True
498,0,0,498:0:0,-3.15603,CC(C)OCCC[NH2+]C(C)c1ccc(cc1)n2ccnc2,True
499,0,0,499:0:0,-5.04964,C=COCCC[NH2+]C1CCN(C1)Cc2ccccc2,True
500,0,0,500:0:0,-3.67365,CCCCNC(=N)SCc1nnnn1CCC,True
501,0,0,501:0:0,-4.90999,CCOc1cc(ccc1OCC#C)C[NH2+]C(C)(C)CO,True
502,0,0,502:0:0,-6.28573,CC(c1ccc(cc1)c2ccc(o2)C[NH2+]CCC[NH2+]C)O,True
503,2,0,503:2:0,-7.63208,CCOc1cccc(c1)OCCC(C)(CN)[NH+](C)C,True
504,0,0,504:0:0,-5.28821,CCCCN(CCO)C(=O)NCc1ccccc1OC,True
505,0,0,505:0:0,-4.72389,CCN(CC)COCc1cc(ccc1OC)C[NH3+],True
506,0,0,506:0:0,-2.89328,CC(C)NC(=S)NNC(=O)CCC(=O)c1cccs1,True
507,0,0,507:0:0,-3.25988,CCOCCOC(C)C(=O)Nc1ccc(cc1)C(=S)N,True
508,0,0,508:0:0,-6.68268,c1cc(ccc1c2nc(on2)CCCCCC[NH3+])O,True
509,0,0,509:0:0,-2.47884,C=CCNC(=S)NNC(=O)CNc1cccc(c1)Cl,True
510,0,0,510:0:0,-8.1733,CC(c1ccccc1)[NH+](C)CC(C(C)C(c2ccc(cc2)CO)O)O,True
511,0,0,511:0:0,-7.21599,Cn1cc(c(n1)c2ccccc2F)C[NH2+]CC3CC[NH+](C3)CCOC,True
512,0,0,512:0:0,-6.8043,c1cc2c(cc1F)[nH]cc2CCNC(=S)NCC[NH+]3CCOCC3,True
513,0,0,513:0:0,-5.35093,c1ccc(c(c1)C[NH2+]CCC2CCC(=O)N2CCc3ccncc3)F,True
514,0,0,514:0:0,-8.07663,CC(c1ccc(cc1)c2ccc(o2)C[NH2+]CCC[NH+]3CCOCC3)O,True
515,3,0,515:3:0,-5.32785,Cc1ccc(o1)CN2CC[NH+](CC2CCO)Cc3cc([nH]n3)CC(C)C,True
516,0,0,516:0:0,-8.3455,CCN(CC)C(=O)c1ccc(cc1)C[NH2+]C(c2ccccc2)C(=O)N,True
517,0,0,517:0:0,-8.80003,CC(c1ccccc1)N(C)C(=O)C[NH+](CCC(=O)N)Cc2ccccc2,True
518,0,0,518:0:0,-8.31824,CC(C[NH+](Cc1cc(ccc1O)OCc2ccccc2)CC(C)O)O,True
519,0,0,519:0:0,-8.02491,CC[NH+](Cc1cccc(c1)F)Cn2c(=S)n(c(n2)CCC(=O)N)C,True
520,0,0,520:0:0,-6.56427,Cc1ccc(cc1C)n2c(cc(c2C)C[NH2+]CC(=O)NCCOC)C,True
521,0,0,521:0:0,-7.07685,CC(COC)NC(=S)NNC(=O)C=Cc1cnn(c1)c2ccccc2,True
522,0,0,522:0:0,-3.58709,CNC(=S)NNC(=O)CSCc1nc(cs1)c2ccccc2,True
523,0,0,523:0:0,-7.00582,CNC(=O)c1ccc(cc1)C[NH+](C)CC(COc2ccccc2F)O,True
524,0,0,524:0:0,-5.24066,CCCCc1cc(no1)CC2C[NH2+]CCC2CC(=O)NCc3ccco3,True
525,0,0,525:0:0,-3.96765,Cc1c(c(n(n1)C)C)CC(=O)NNC(=S)NCCc2ccccc2,True
526,1,0,526:1:0,-5.95219,CC(COC)NC(=S)NNC(=O)c1cc([nH]n1)c2ccc(cc2)F,True
527,0,0,527:0:0,-6.40066,CCOC(=O)N1CC[NH+](CC1)CC(COCC(C)c2ccccc2)O,True
528,1,0,528:1:0,-5.55095,CC(C)N(Cc1ccccc1)C(=O)CSC(=N)NCc2ccco2,True
529,0,0,529:0:0,-4.94301,c1ccc2c(c1)cc(o2)CCC(=O)NNC(=S)NCC3CCCO3,True
530,1,0,530:1:0,-6.88182,CC[NH+](CC)CC(CN1CCC[NH+](CC1)Cc2ccc(cc2)C#N)O,True
531,1,0,531:1:0,-9.43614,c1ccc2c(c1)CC[NH+](C2)CCNCc3ccc(cc3)OCC(=O)N,True
532,0,0,532:0:0,-3.72154,c1cc(oc1)c2nc(on2)CCC(=O)NNC(=S)NC3CCCC3,True
533,0,0,533:0:0,-7.72685,CC(=O)NCCc1ccc(cc1)C(=O)NCc2ccccc2C[NH+](C)C,True
534,0,0,534:0:0,-7.2795,c1ccc(cc1)C(C[NH2+]CCN2CC[NH+](CC2)CC(c3ccccc3)O)O,True
535,0,0,535:0:0,-8.11842,c1cc(ccc1CNC(=O)C[NH+](Cc2ccc(cc2)C(=O)N)C3CC3)F,True
536,0,0,536:0:0,-4.50765,CC[NH+](CC)Cc1nnc(o1)SCC(=O)NC(C)c2ccccc2,True
537,0,0,537:0:0,-7.72715,CCOC(=O)C(CSCC(=O)c1ccc(cc1)Br)[NH3+],True
538,0,0,538:0:0,-5.71393,C1CCC(CC1)(C[NH2+]CC(COCC2CCCO2)O)[NH+]3CCCCC3,True
539,1,0,539:1:0,-7.2046,COc1ccc(c(c1)F)c2c(cn[nH]2)C[NH2+]CCSc3cn[nH]n3,True
540,0,0,540:0:0,-4.88516,Cc1c(c(n(n1)CC(C)C)C)CCC(=O)NCC(c2ccco2)[NH+](C)C,True
541,0,0,541:0:0,-4.06896,CCCC[NH+](CC)CC1=C(C(NC(=O)N1C)c2ccccc2)C(=O)OC,True
542,0,0,542:0:0,-4.5577,CCC(CC)(C#C)NC(=O)C[NH+]1CCN(CC1)CCOc2ccccc2,True
543,0,0,543:0:0,-7.03768,CC(CCc1ccccc1)NC(=O)C(C)[NH+]2CCN(CC2)CCOC,True
544,0,0,544:0:0,-6.66923,CCCN(CC1CC1)C(=O)C(C)[NH+](C)Cc2ccc(cc2)C(=O)NC,True
545,0,0,545:0:0,-7.19564,CCOc1ccccc1CN(Cc2cccnc2)C3=NCC(S3)CO,True
546,0,0,546:0:0,-6.93845,CCN(CC1CCC[NH+](C1)CCc2cccc(c2)F)C(=O)C[NH+](C)C,True
547,0,0,547:0:0,-7.66203,CCOc1ccc(cc1)C[NH+]2CCC(C(C2)CCC(=O)OC)[NH+](C)C,True
548,1,0,548:1:0,-5.90884,Cn1cc[nH+]c1C[NH+](C)CC2CC[NH+](CC2)CCc3ccccc3OC,True
549,0,0,549:0:0,-4.46402,CCOc1ccc(cc1OCC)C(=O)NCC(c2cccn2C)[NH+](C)C,True
550,0,0,550:0:0,-7.40294,C[NH+](CCCC[NH+]1CCOCC1)Cc2nc(no2)c3ccc(cc3)OC,True
551,1,0,551:1:0,-6.99965,Cc1ccc(cc1)CN2CC[NH+](CC2CCO)Cc3ccc(o3)COC,True
552,0,0,552:0:0,-5.25757,CC(c1ccccc1F)[NH2+]CC(=O)N(CCC#N)c2ccccc2OC,True
553,0,0,553:0:0,-3.71916,CCOC(=O)c1c2c(n(n1)CC[NH+](C)C)CC[NH+](C2)Cc3ccccc3,True
554,0,0,554:0:0,-5.59596,CC[NH+](CC(=C)C)CC(=O)Nc1ccnn1Cc2cccc(c2)Cl,True
555,0,0,555:0:0,-4.60886,CCOc1ccc(cc1)c2cnc(n2CCOC)NCc3ccncc3,True
556,1,0,556:1:0,-6.40769,CCOC(=O)C1(CCC[NH+](C1)Cc2[nH]cc[nH+]2)Cc3cccc(c3)OC,True
557,0,0,557:0:0,-6.37672,C[NH+](CCc1ccc(c(c1)OC)OC)CC(=O)NCc2ccccc2,True
558,0,0,558:0:0,-7.38893,c1cc(cc(c1)Cl)CCN2C(CCC2=O)CC[NH2+]Cc3cccnc3,True
559,0,0,559:0:0,-6.77953,C[NH+](Cc1ccc(cc1)OC)CC(=O)NCCc2ccccc2OC,True
560,0,0,560:0:0,-7.14964,C[NH+](Cc1cc(ccc1F)C#N)CC(COc2ccc(cc2)CC#N)O,True
561,0,0,561:0:0,-4.64641,CN1CCc2c3ccccc3n(c2C1=O)CC(C[NH+](CC=C)CC=C)O,True
562,0,0,562:0:0,-6.54879,Cn1cc(cn1)C[NH+](C)CC2CCC[NH+](C2)CCc3ccc(cc3)OC,True
563,1,0,563:1:0,-5.1255,CC[NH+](CC)CC[NH+](CC)C1CCC(=O)N(CC1)Cc2ccccc2,True
564,0,0,564:0:0,-5.26739,COc1cc(cc(c1OC)OC)c2c(cn[nH]2)C[NH+](CC=C)CC#C,True
565,0,0,565:0:0,-5.71734,CCOC(=O)c1c(c([nH]c1C)C(=O)NCCSCc2ccco2)C,True
566,0,0,566:0:0,-7.07471,CCOC(=O)C1(CCC[NH+](C1)Cc2[nH]c3ccccc3n2)CCOC,True
567,0,0,567:0:0,-4.97794,c1cc(oc1)C(CNC(=O)CCC(=O)c2cccs2)[NH+]3CCCCC3,True
568,0,0,568:0:0,-6.4875,CCOCCCNC(=O)C(C)OC(=O)c1cc2cc(ccc2[nH]1)Cl,True
569,0,0,569:0:0,-7.17529,Cc1cccc(c1)OCC(C[NH+](C)Cc2cc(c(o2)C)C(=O)OC)O,True
570,2,0,570:2:0,-5.3017,CCc1c([nH]c[nH+]1)CSCCNC(=NC#N)NC,True
571,0,0,571:0:0,-4.9482,CC(C)C(C#N)NC(=O)CNCOCc1ccccc1,True
572,0,0,572:0:0,-6.93182,CC(C(CSCCO)O)C(c1ccc(cc1)CO)O,True
573,0,0,573:0:0,-5.8866,CCSC(C(C(C(C(C)O)O)O)O)SCC,True
574,0,0,574:0:0,-6.08234,c1ccc(cc1)CN(C2CC2)C(=O)CCSCC(=O)N,True
575,0,0,575:0:0,-5.58024,CC[NH+](Cc1ccco1)CC(=O)NCCNC(=O)C,True
576,0,0,576:0:0,-6.79179,C[NH+](CC(COc1ccc(cc1)F)O)CC(=O)NC2CC2,True
577,1,0,577:1:0,-3.76434,CCOCCCN=C(N)SCc1cc(on1)C,True
578,1,0,578:1:0,-7.54638,CC[NH+](CC)CCNC(C)c1cc(ccc1O)OC,True
579,0,0,579:0:0,-6.88657,CC(C[NH+]1CCN(CC1)C[NH+](CC(C)O)CC(C)O)O,True
580,0,0,580:0:0,-6.57362,CC(c1ccccc1)[NH+](CC(CO)O)CC(CO)O,True
581,0,0,581:0:0,-5.22805,COC(=O)C(Cc1ccccc1)NC(=O)CCC[NH3+],True
582,0,0,582:0:0,-3.86967,CC(COC)NC(=S)NNC(=O)c1cc(on1)C2CC2,True
583,0,0,583:0:0,-5.45503,Cc1ccc2c(c1)C(C(=O)N2)[NH2+]CCCOCCOC,True
584,0,0,584:0:0,-7.82493,COc1cc(c(cc1OC)OC)C[NH2+]CCCO,True
585,0,0,585:0:0,-5.14196,COCCNC(=S)NN=Cc1ccc(c(c1)OC)O,True
586,1,0,586:1:0,-4.64501,CC[NH+]1CCCC1CNC(C)C(=O)NCCOC,True
587,0,0,587:0:0,-6.68096,CC(CCc1ccc(cc1)O)[NH2+]CCCN2CCCC2=O,True
588,0,0,588:0:0,-2.5062,CC[NH+](CC)CCNC(=O)CNC(=O)c1ccc(cc1)F,True
589,0,0,589:0:0,-3.6263,Cc1ccc(n1C)C[NH2+]CC(COCC2CCCO2)O,True
590,0,0,590:0:0,-6.01198,CCN(CC)C(=O)COc1ccc(cc1OCC)C[NH3+],True
591,0,0,591:0:0,-5.69406,CCCCCC(C)NC(=O)c1coc(n1)C(C(C)O)[NH3+],True
592,0,0,592:0:0,-5.51415,CC(C)[NH2+]CC(COc1c(cccc1OC)OC)O,True
593,0,0,593:0:0,-2.73533,CC[NH+](CC)CCC[NH2+]Cc1c(nn(c1C)C)C,True
594,0,0,594:0:0,-6.35636,CC(=C)CC(CCOC(=O)N)OC(=O)N,True
595,0,0,595:0:0,-5.32734,CC(C)N(C(C)C)C(=O)CSC(=NC(C)COC)N,True
596,0,0,596:0:0,-2.72897,CCOc1ccc(c(c1)OCC)CC(=O)NNC(=S)N,True
597,1,0,597:1:0,-5.55117,CC[NH2+]CC(C[NH2+]CCN1CCOCC1)O,True
598,0,0,598:0:0,-4.62918,CC[NH+](CC)CCCC(C)[NH2+]C1CCS(=O)(=O)C1,True
599,0,0,599:0:0,-5.43023,CCOC(=O)CSc1nnc(o1)C(C(C)C)[NH3+],True
600,0,0,600:0:0,-7.78576,c1ccc(cc1)C=CC[NH2+]CC(c2cccc(c2)O)O,True
601,1,0,601:1:0,-7.42971,CC[NH+](CCO)Cc1c[nH]nc1c2ccc(c(c2)C)C,True
602,0,0,602:0:0,-6.40693,CCn1c(ccn1)C[NH2+]CCc2c[nH]c3c2cc(cc3)F,True
603,0,0,603:0:0,-4.70031,c1ccc2c(c1)CCOC2C[NH2+]CCC[NH+]3CCCCC3,True
604,0,0,604:0:0,-5.36919,CC(c1ccc2ccccc2c1O)[NH2+]CC(C)(C)C[NH+](C)C,True
605,0,0,605:0:0,-3.44148,Cc1c(c(n(n1)C)C)CNC(=S)NC(C)c2ccccc2,True
606,0,0,606:0:0,-5.30237,c1ccc2cc(ccc2c1)OCCSCC[NH3+],True
607,0,0,607:0:0,-7.2458,CCOc1ccc2c(c1)nc([nH]2)SCC(CCl)O,True
608,3,0,608:3:0,-5.7809,C[NH+](Cc1[nH]cc[nH+]1)C2CCCN(C2)CCc3ccccc3,True
609,0,0,609:0:0,-6.54447,CC(C)(C[NH2+]C1CCCN(C1)Cc2ccccc2F)CO,True
610,0,0,610:0:0,-8.03337,C[NH2+]CC(COc1ccccc1c2ccccc2)O,True
611,1,0,611:1:0,-4.46569,CCC(C)N=C(N)SCc1nnnn1c2ccccc2,True
612,0,0,612:0:0,-4.47701,CC(C)[NH+](CCNC(=O)c1cc2ccccc2[nH]1)C(C)C,True
613,0,0,613:0:0,-7.14212,CC(CCc1ccc(cc1)O)[NH2+]Cc2cccnc2,True
614,0,0,614:0:0,-5.19254,CC(C)(C)c1ccc(cc1)CCc2nnc(o2)CC[NH3+],True
615,0,0,615:0:0,-5.60773,Cc1c(cn[nH]1)CCC[NH2+]Cc2cccc(c2)C#N,True
616,0,0,616:0:0,-4.90547,CC1CC1C(=O)NC(CCSC)c2[nH]c3ccccc3n2,True
617,0,0,617:0:0,-3.42087,c1cc(oc1)CNC(=S)NN=Cc2cccs2,True
618,0,0,618:0:0,-5.28347,c1cc(cc(c1)C(F)(F)F)C(COCC2CCCO2)[NH3+],True
619,0,0,619:0:0,-6.19313,c1ccc(cc1)CC(c2ccc3c(c2)OCO3)[NH2+]CCO,True
620,0,0,620:0:0,-5.32411,Cc1ccc(cc1)C(C[NH3+])[NH+](C)CCc2ccccn2,True
621,0,0,621:0:0,-4.8673,COc1ccc(cc1)COCc2cccc(c2)C[NH3+],True
622,0,0,622:0:0,-4.84413,COC(=O)c1c(nc(s1)CCC[NH3+])c2ccccc2,True
623,0,0,623:0:0,-7.71833,COC(=O)CC(c1ccc(c(c1)Oc2ccccc2)F)[NH3+],True
624,0,0,624:0:0,-5.97339,CCOc1cc2c(cc1C(C[NH3+])[NH+](C)C(C)C)OC(C2)C,True
625,0,0,625:0:0,-5.60483,CCC(C)CC(CC)(C[NH3+])[NH+]1CCOC(C1)C,True
626,0,0,626:0:0,-7.29607,CC(=NOCCSC(=N)N)c1ccc(cc1)Cl,True
627,0,0,627:0:0,-6.08668,c1cc(cc(c1)Cl)OCCc2nc(cs2)CC[NH3+],True
628,0,0,628:0:0,-4.73971,c1ccc2c(c1)cc(o2)C[NH2+]CCC[NH+]3CCCCC3,True
629,0,0,629:0:0,-4.52852,CCC(CC)[NH2+]CC1CCC[NH+]1CC,True
630,0,0,630:0:0,-4.81969,CC(=NN=CC(=C)NO)C(=C)NOCc1ccccc1,True
631,0,0,631:0:0,-5.46167,Cc1c(c([nH]c1C(=O)OCC(=O)NCCOC)C)C(C)O,True
632,0,0,632:0:0,-7.83172,CCOC(=O)C(Cc1cc(c(cc1OC)OC)OC)[NH3+],True
633,0,0,633:0:0,-3.49708,CCCCn1c(nnn1)CSc2nnc(n2N)C3CC3,True
634,0,0,634:0:0,-5.64617,c1cc([nH]c1)C(=O)COC(=O)CCNC(=O)c2ccco2,True
635,0,0,635:0:0,-5.71034,CCOC(=O)c1cc(n(c1C)CC(=O)OC(C)C(=O)N)C,True
636,0,0,636:0:0,-5.92528,CCC(C)NC(=O)CSc1nnc(n1C)CCC(=O)N,True
637,0,0,637:0:0,-5.02433,COc1cc2cccnc2c(c1)NCC(COCCO)O,True
638,0,0,638:0:0,-5.43933,CC[NH+](CCO)CC1=C(C(NC(=O)N1)C)C(=O)OCC,True
639,0,0,639:0:0,-6.12584,CCCCS(=O)(=O)N1CC[NH+](CC1)CC(C[NH2+]C)O,True
640,0,0,640:0:0,-5.2439,COCCn1c(c(sc1=S)C(=O)OCCOC)N,True
641,0,0,641:0:0,-7.46252,CCC(C)C(C(=O)NC(C)C(=O)N)NC(=O)OC(C)(C)C,True
642,1,0,642:1:0,-8.61788,c1ccn2cc([nH+]c2c1)CCNC(=O)CCCCNC(=O)N,True
643,0,0,643:0:0,-7.9679,c1ccc(c(c1)NC(=O)CSCC(=O)OCC(=O)N)F,True
644,0,0,644:0:0,-2.00377,CC(C(=O)NCC#C)OC(=O)c1csc(n1)NCC=C,True
645,0,0,645:0:0,-2.2061,C(CCCc1nnc(o1)N)CCCc2nnc(o2)N,True
646,0,0,646:0:0,-6.26844,CC(CNC(=O)CCSCC(=O)N)[NH+]1CCOCC1,True
647,0,0,647:0:0,-5.13681,CCNC(=O)NC(=O)C[NH+](CCOC)Cc1ccco1,True
648,0,0,648:0:0,-5.57561,CC(=O)NCCNC(=O)COC(=O)C=Cc1ccsc1,True
649,0,0,649:0:0,-5.02093,CCCOC(=O)CSc1nnc(n1N)c2ccncc2,True
650,0,0,650:0:0,-5.48982,CCSc1c2cnn(c2ncn1)COCC(CO)O,True
651,0,0,651:0:0,-3.9867,COCCCNC(=O)CC(=O)NN=Cc1ccccc1,True
652,0,0,652:0:0,-6.62386,c1cc(cc(c1)N(=O)=O)C[NH2+]CCC[NH+]2CCOCC2,True
653,0,0,653:0:0,-5.89583,CC(CO)NC(=O)C(CC=C)CC(=O)N1CCCC1CO,True
654,0,0,654:0:0,-6.43745,CCOC(=O)C(C(C(Cl)(Cl)Cl)NO)C(=O)C,True
655,0,0,655:0:0,-1.94157,CCN(CC(=C)C)C(=O)COC(=O)c1c(noc1N)C,True
656,0,0,656:0:0,-5.13171,CCCOc1ccc(cc1OCC)C(=O)NCC(=O)NC,True
657,0,0,657:0:0,-6.63732,COC(=O)C(CCC(C(F)F)O)NC(=O)c1ccccc1,True
658,0,0,658:0:0,-6.9574,CC(C)C[NH+](CC(=O)N)CC(=O)N(C)C(C)(C)C#N,True
659,0,0,659:0:0,-4.63516,C[NH+](CCCNc1c(cccn1)C(=O)[O-])Cc2ccccc2,True
660,0,0,660:0:0,-6.83229,C[NH+](C)C(C[NH2+]Cc1cc(=O)oc2c1ccc(c2)OC)c3ccccc3,True
661,0,0,661:0:0,-7.27999,CCc1ccccc1NC(=O)C(C)[NH+](C)Cc2ccc(cc2)C(=O)NC,True
662,0,0,662:0:0,-4.43586,CCCCNC(=O)C1CC[NH+](CC1)C(C)C(=O)c2c[nH]c3c2cccc3,True
663,4,0,663:4:0,-6.42014,CC(=CCN1CCN(CC1CCO)Cc2cn[nH]c2c3ccccc3)C,True
664,0,0,664:0:0,-5.57105,c1ccc(cc1)CC2CCN(CC2)C(=O)CONC(=N)c3ccccc3,True
665,0,0,665:0:0,-4.03528,Cc1cc(cc(c1)C(=O)NCC(=O)NCC(c2ccccc2)[NH+](C)C)C,True
666,0,0,666:0:0,-6.5929,CC(c1ccc(c(c1)F)F)[NH2+]CC(=O)Nc2cc(ccc2OC)OC,True
667,0,0,667:0:0,-6.95177,CC(C)C(CNC(=O)NCCc1cccc(c1)Cl)[NH+]2CCOCC2,True
668,0,0,668:0:0,-3.61995,c1ccc(cc1)CNC(=O)C(=O)NCCc2ccc(cc2)N3CCCC3,True
669,0,0,669:0:0,-7.72233,CCc1c(c(c([nH]1)C(=O)NCC(C)(C)[NH+]2CCCCC2)C)C(=O)OC,True
670,1,0,670:1:0,-6.1156,CC(C)OC(=O)CC(c1ccccc1)NC(=O)c2ccc3c(c2)[nH]cn3,True
671,0,0,671:0:0,-5.5323,CCOc1cccc(c1O)C[NH2+]C2CCCN(C2)Cc3ccccc3F,True
672,0,0,672:0:0,-4.1784,CC[NH+](CC(=O)NC(C)(C)C)Cn1c(=S)[nH]c(n1)c2ccccc2,True
673,0,0,673:0:0,-5.77937,CCc1ccc(cc1)C[NH+](C)C(C)C(=O)NC(=O)NCc2ccco2,True
674,0,0,674:0:0,-4.70336,CCC(C(=O)Nc1cc(on1)C)[NH2+]CC[NH+]2CCc3ccccc3C2,True
675,1,0,675:1:0,-7.9069,c1cc(ccc1C(C(=O)N)Sc2[nH]nc(n2)CCC3CCCC3)F,True
676,0,0,676:0:0,-5.40221,CCc1cc(n[nH]1)C(=O)NCCC[NH+]2CCN(CC2)c3cccc(c3)C,True
677,2,0,677:2:0,-7.1271,Cc1ccc(cc1)C(=O)Nc2cccc(c2)CNCC[NH+]3CCOCC3,True
678,0,0,678:0:0,-2.66681,CN(C)c1ccc(cc1)C=C(C(=O)NCC=C)NC(=O)c2ccccc2,True
679,0,0,679:0:0,-4.18577,CN(C1CCCCC1)C(=O)CSC(=NCc2ccccc2OC)N,True
680,0,0,680:0:0,-5.57435,C[NH+]1CCC(CC1)[NH+](C)CC(COc2ccccc2c3ccccc3)O,True
681,0,0,681:0:0,-7.33791,c1ccc(cc1)C(c2ccccc2)OCC(C[NH+]3CCCC(C3)O)O,True
682,1,0,682:1:0,-6.67955,COc1ccccc1C=CC[NH2+]Cc2ccc[nH+]c2N3CCCC(C3)O,True
683,0,0,683:0:0,-7.19054,COC(=O)c1ccc(cc1)C=CC(=O)NCCc2[nH]c3ccccc3n2,True
684,0,0,684:0:0,-6.2632,c1cc(cnc1)COc2c(cc3cc4c(cc3n2)CCC4)C[NH2+]CCO,True
685,0,0,685:0:0,-7.43018,CC(C)Oc1ccc(cc1CO)C[NH2+]C2Cc3cccc(c3OC2)OC,True
687,0,0,687:0:0,-7.69328,COc1ccc(cc1)OCC(C[NH+]2CCC(CC2)c3ccc(cc3)O)O,True
688,0,0,688:0:0,-6.74574,CC(c1ccc2c(c1)OCO2)[NH2+]CC(COc3ccc(cc3)Cl)O,True
690,0,0,690:0:0,-5.54478,Cc1ccc2c(c1)[nH]c(c2C(=O)C[NH+]3CCN(CC3)CC=Cc4ccccc4)C,True
691,0,0,691:0:0,-4.56222,CC(c1ccccc1Cl)[NH2+]Cc2nnc(o2)c3ccccc3C(F)(F)F,True
692,1,0,692:1:0,-7.26303,c1ccc(cc1)c2ccc(s2)CN3CC[NH+](CC3)CC(c4cccs4)O,True
693,0,0,693:0:0,-4.18384,Cc1ccc(o1)C[NH2+]Cc2cnc(nc2N3CCc4ccccc4C3)SC,True
694,0,0,694:0:0,-3.81276,CCC[NH+]1CCC(CC1)N(c2ccc3c(c2)cc([nH]3)C(C)(C)C)C(=O)C4CC4,True
695,0,0,695:0:0,-4.65049,Cc1ccc(cc1)C[NH2+]Cc2cccn2c3nnc(s3)N4CCC(CC4)C,True
696,1,0,696:1:0,-5.04789,C[NH+](Cc1c[nH]nc1c2cc3ccccc3o2)Cc4nc(no4)c5ccccc5,True
697,0,0,697:0:0,-3.85868,CCCC[NH+]1CCc2cc(c(c-3c2C1Cc4c3cc(c(c4)O)OC)OC)OC,True
698,0,0,698:0:0,-4.31801,c1ccc(cc1)C2=CC[NH+](CC2)CC(=O)NC(c3ccccc3)c4ccccc4,True
699,0,0,699:0:0,-4.84227,c1ccc(c(c1)N2CC[NH+](CC2)CC(COc3ccccc3Cl)O)Cl,True
701,0,0,701:0:0,-3.9868,Cc1ccc(cc1)C(CNC(=O)c2cc(on2)c3ccc(cc3)Cl)[NH+](C)C,True
702,0,0,702:0:0,-4.01012,c1ccc2c(c1)c(c[nH]2)CCC(=O)OCc3cc4c(c(c3)Cl)OCCCO4,True
703,0,0,703:0:0,-4.72717,Cc1cccc(c1C)NC(=O)C[NH+](Cc2cccc(c2)Br)C3CC3,True
704,1,0,704:1:0,-4.47436,Cc1ccc2c(c1)[nH]c(n2)SCC(=O)N(Cc3ccco3)C4=CCCCC4,True
705,0,0,705:0:0,-3.6415,C[NH+](C)CC(c1ccccc1)NC(=O)c2ccc(cc2)C3SCCCS3,True
706,0,0,706:0:0,-4.82159,CCc1cccc(c1NC(=O)C(C)OC(=O)c2cc3cc(ccc3[nH]2)Cl)C,True
707,0,0,707:0:0,-5.3403,Cc1ccc2c(coc2c1C)CC(=O)NCC(c3cccs3)[NH+]4CCCC4,True
708,0,0,708:0:0,-7.54068,CC(C)c1cc(n[nH]1)C[NH+]2CCCC(C2)C(=O)c3ccc4cc(ccc4c3)OC,True
709,0,0,709:0:0,-7.37096,Cc1c(c([nH]c1C(=O)C(C)[NH+](C)Cc2ccc(cc2Cl)Cl)C)C(=O)C,True
710,0,0,710:0:0,-4.52741,c1ccc(cc1)C(CNS(=O)(=O)c2ccccc2)[NH+]3CCc4ccccc4C3,True
711,0,0,711:0:0,-4.61025,Cc1ccccc1n2c(cc(n2)C)NC(=O)C[NH+](C)Cc3ccc(s3)Cl,True
712,0,0,712:0:0,-5.27843,Cc1c2ccccc2c(nn1)NCc3ccccc3c4ccc(cc4)C[NH+](C)C,True
713,0,0,713:0:0,-4.70365,CC1c2ccsc2CC[NH+]1CC(=O)NCC#Cc3cccc(c3)C(F)(F)F,True
714,0,0,714:0:0,-5.16343,Cc1c(cnn1c2cccc(c2)F)C(C)[NH2+]Cc3cnn(c3)c4ccccc4F,True
715,0,0,715:0:0,-3.84875,c1ccc2c(c1)nc(n2CC(C[NH+]3CCCCC3)O)Cc4ccc(cc4)Cl,True
716,1,0,716:1:0,-7.70151,c1ccc(cc1)C(C[NH+]2CCOCC2)NCc3c(c4ccccc4s3)Cl,True
717,0,0,717:0:0,-4.47829,c1ccc(cc1)n2cc(c(n2)c3cccnc3)C[NH2+]CC4Cc5ccccc5O4,True
718,0,0,718:0:0,-7.24633,Cc1ccc(cc1)n2c(nnc2SCC(=O)N)c3ccc(cc3)C(C)(C)C,True
719,0,0,719:0:0,-4.52703,C[NH+]1CCN(CC1)C(CC(c2ccccc2)(c3ccccc3)O)c4ccccc4,True
720,0,0,720:0:0,-4.7712,CCN(CC)c1ccc(cc1)C(=O)NNC(=O)C[NH+](C)Cc2cnn(c2)C,True
721,0,0,721:0:0,-5.22237,CCC(=O)NC(C)C(=O)OCC(=O)NCc1ccccc1Cn2cccn2,True
722,0,0,722:0:0,-7.65901,CC[NH+](CCO)CC(=O)Nc1cc(ccc1C)S(=O)(=O)N(CC)CC,True
723,0,0,723:0:0,-5.86643,CC(C)n1c(ccn1)NC(=O)C(C)OC(=O)CNC(=O)Cc2ccccc2,True
724,0,0,724:0:0,-6.19294,CCOCCCNC(=O)CN1C(=O)C(NC1=O)Cc2c[nH]c3c2cccc3,True
725,0,0,725:0:0,-4.9923,CC(C)(C)[NH2+]CC(c1cc(cc(c1)C(=O)ON(C)C)C(=O)ON(C)C)O,True
726,0,0,726:0:0,-7.87544,CC[NH+](CCO)CC(=O)NCc1ccc(cc1)CS(=O)(=O)NC(C)C,True
727,0,0,727:0:0,-4.18114,CCOC(=O)C1(CC(OC1=O)(C)C(=NNC(=S)N)C)CCC(=O)OC,True
728,0,0,728:0:0,-8.64037,c1cc(ccc1OCC2CCC[NH+]2CCS(=O)(=O)CCC(=O)N)Cl,True
729,0,0,729:0:0,-7.87129,CCOC(=O)C1=C(NC(=O)NC1C)C[NH+](C)Cc2ccc(cc2)C(=O)OC,True
730,0,0,730:0:0,-4.37142,CCc1nnc(o1)CSc2nnc(n2N)SCC(=O)N(CC)CC,True
731,0,0,731:0:0,-6.07103,Cn1c2c(cn1)c(nc(n2)NCCCO)NCc3cc(ccc3OC)OC,True
732,0,0,732:0:0,-7.74177,CC(C(=O)N(CCC#N)Cc1ccco1)OC(=O)c2ccc(cc2)C(=O)N,True
733,0,0,733:0:0,-5.82039,COCc1ccccc1CNC(=O)CNC(=O)c2ccc(c(c2)OC)OC,True
734,0,0,734:0:0,-4.91643,Cc1cc(c([nH]1)C)C(=O)COC(=O)CSCC(=O)Nc2cc(on2)C,True
735,0,0,735:0:0,-7.55083,CC(C(=O)c1ccc(cc1)OC)Sc2nnc(n2C3CC3)CCC(=O)N,True
736,0,0,736:0:0,-5.2811,CC(C)OP(=O)(COCCn1cnc2c1nc(nc2N)N)OC(C)C,True
737,0,0,737:0:0,-5.29602,Cc1c(c(=O)nc([nH]1)C)CCC(=O)OCC(=O)NCC(C)c2ccccc2,True
738,0,0,738:0:0,-7.6318,CCCCn1c(nnn1)COC(=O)CC(c2ccccc2F)NC(=O)N,True
739,0,0,739:0:0,-6.38967,Cc1ccc(cc1)S(=O)(=O)CCC(=O)NNC(=S)NC(C)COC,True
740,0,0,740:0:0,-6.607,CCOc1ccccc1OCc2nnc(n2N)SC(C)C(=O)NCC=C,True
741,1,0,741:1:0,-5.80057,Cc1c([nH]cn1)CSCCNS(=O)(=O)c2ccsc2C(=O)OC,True
742,1,0,742:1:0,-5.83641,Cc1cc(nc(n1)NC(=NC(=S)NCCOC)NCc2cccnc2)C,True
743,0,0,743:0:0,-3.77447,CCOC(=O)C1=C(NC(=O)NC1)COC(=O)CCc2nc3ccccc3o2,True
744,0,0,744:0:0,-6.59402,Cc1ccc(cc1)OCc2ccc(o2)C(=O)OCC(=O)NCCNC(=O)C,True
745,0,0,745:0:0,-7.84124,Cc1nc(cs1)C=CC(=O)OCC(=O)N(CCC(=O)N)c2ccccc2,True
746,0,0,746:0:0,-7.48742,COCC(C[NH+]1CCN(CC1)CC(COc2ccc3c(c2)OCO3)O)O,True
747,0,0,747:0:0,-6.32108,CCOC(=O)c1c(c([nH]c1C)C(=O)C(C)[NH+](C)CC(=O)NCCOC)C,True
748,1,0,748:1:0,-8.06667,CN(C)c1cc(cc[nH+]1)C[NH2+]Cc2cc(c(c(c2)OC)OCC(=O)N)OC,True
749,0,0,749:0:0,-8.66745,CCOC(=O)C1CCN(CC1)C(=O)C[NH+](CCC(=O)N)Cc2ccccc2,True
750,0,0,750:0:0,-5.14891,CC(C)c1ncc(cn1)C[NH+](CCC[NH+](C)C)Cc2ccco2,True
751,0,0,751:0:0,-3.85798,CCCC[NH+](C)CC(=O)NCc1ccccc1Cn2cccn2,True
752,0,0,752:0:0,-4.58341,Cc1cc(no1)C[NH+](C)CC(=O)NC(C)CCc2ccccc2,True
753,0,0,753:0:0,-5.58166,CCOC(=O)c1c(c([nH]c1C)C(=O)C[NH+](C)Cc2ccco2)C,True
754,0,0,754:0:0,-4.06244,CCCCC(C(=O)Nc1cc(on1)C)[NH+](C)Cc2cnn(c2)C,True
755,1,0,755:1:0,-4.71633,CC(C)(C)SCC(=O)NCCc1[nH+]ccn1Cc2ccccc2,True
756,0,0,756:0:0,-5.84101,C[NH+](Cc1c(cccc1Cl)F)CC(COCC2CCCO2)O,True
757,0,0,757:0:0,-6.28198,COCCNC(=S)N1CC[NH+](CC1)CC=Cc2ccccc2,True
758,0,0,758:0:0,-7.74745,COCC[NH+](Cc1ccc(cc1)C(=O)NC2CC2)Cc3ccco3,True
759,0,0,759:0:0,-6.51462,C[NH+](CC(=O)NCCCOC)C(c1ccccc1)c2ccccc2,True
760,0,0,760:0:0,-4.67289,CCCCn1c(c(nc1SCC(=O)NCc2ccco2)C)C,True
761,0,0,761:0:0,-6.5284,CCOCCCNC(=O)C(C)Sc1nccn1c2ccccc2,True
762,0,0,762:0:0,-5.74015,CCOc1ccc(cc1OCC)CCC(=O)NCc2cccnc2,True
763,0,0,763:0:0,-4.89373,Cc1ccccc1OCC[NH+](C)CC(=O)NC(C)c2ccco2,True
764,0,0,764:0:0,-6.57255,CCCCOCC(C[NH+]1CCN(CC1)c2ccc(cc2)OC)O,True
765,0,0,765:0:0,-6.46004,CCC[NH+](CC(=O)Nc1ccccc1C)CC(=O)OC(C)(C)C,True
766,1,0,766:1:0,-7.53511,C[NH+](C)CCN(Cc1ccccc1)Cc2cccc(c2O)OC,True
767,0,0,767:0:0,-6.27368,CC[NH+](CC)CCn1c2ccccc2nc1CC[NH+]3CCOCC3,True
768,0,0,768:0:0,-3.57919,CCCOC(=O)c1cc(c(c(c1)C)NC(=O)C[NH+](CC)CC)C,True
769,0,0,769:0:0,-6.5345,C[NH+](Cc1ccc(cc1)C(=O)OC)CC(=O)NCc2ccccc2,True
770,0,0,770:0:0,-6.10829,C[NH+](C)C(CNC(=O)CCCCCl)c1cccc(c1)OC,True
771,0,0,771:0:0,-7.1175,CC(C1CC1)NC(=O)COC(=O)CCc2c[nH]c3c2cccc3,True
772,0,0,772:0:0,-7.67465,Cc1cccc(c1C)NC(=O)C[NH+](CCOC)Cc2ccco2,True
773,0,0,773:0:0,-4.15011,C[NH+](CCCOc1ccccc1)CC(=O)Nc2ccccc2F,True
774,0,0,774:0:0,-7.15157,C[NH+](Cc1ccsc1)CC(COc2ccc(cc2)CC#N)O,True
775,1,0,775:1:0,-6.74737,COC(=O)CCCCCNC(=O)c1c[nH]nc1c2ccccc2,True
776,0,0,776:0:0,-6.88619,CCn1c(c(cn1)C(C)[NH2+]Cc2ccc(c(c2)COC)OC)C,True
777,0,0,777:0:0,-6.24807,COCCCNC(=S)Nc1ncn(n1)Cc2ccc(cc2)F,True
778,2,0,778:2:0,-4.82485,CCN(CC)CC[NH+](C)C1CCC(=O)N(CC1)Cc2ccccc2,True
779,0,0,779:0:0,-6.18754,CC(C)OCc1ccccc1CNC(=O)CSc2ccncc2,True
780,0,0,780:0:0,-6.14214,COC(=O)c1ccc(cc1)C=NNc2nnc(n2N)SCC=C,True
781,0,0,781:0:0,-6.84532,Cc1ccc(cc1)c2cc(n[nH]2)C(=O)OCC(=O)C(C#N)C(=N)C,True
782,0,0,782:0:0,-6.82929,CCCC(=O)OCc1nc(c2c(c(oc2n1)C)C(=O)OCC)N,True
783,0,0,783:0:0,-7.80468,CCOC(=O)CSCc1nc(nc(n1)Nc2ccc(cc2)F)N,True
784,0,0,784:0:0,-8.36881,CCC(C(=O)OC(C)C(=O)N)n1nc(nn1)c2ccc(cc2)Cl,True
785,0,0,785:0:0,-5.31488,COc1cc(ccc1OCCc2ccccc2)C=Nn3c(nnn3)N,True
786,0,0,786:0:0,-4.16967,C[NH+](CCCOc1ccc(cc1)F)Cc2nc(nc(n2)N(C)C)N,True
787,0,0,787:0:0,-7.78904,Cc1c(c([nH]c1C(=O)OCc2ccc(cc2)C(=O)N)C)C(=O)OC,True
788,0,0,788:0:0,-6.16068,Cc1ccccc1CNC(=O)C(C)OC(=O)c2cc(c[nH]2)C(=O)C,True
789,0,0,789:0:0,-4.07388,CCCCCCC(C)NC(=O)Cc1c(nc2nc(nn2c1C)N)C,True
790,0,0,790:0:0,-6.65942,c1cc(ccc1N2C(CC(=N2)C(=O)OCCCCC#N)C(=O)N)F,True
791,0,0,791:0:0,-7.89184,c1ccc(c(c1)C(CC(=O)OCc2cccc(c2)N(=O)=O)NC(=O)N)F,True
792,0,0,792:0:0,-6.2935,CCCCCC(=O)NCCNC(=O)c1[nH]c(=O)c2ccccc2n1,True
793,0,0,793:0:0,-6.78061,CCOC(=O)Nc1ccc(cc1)C(=O)OCC(=O)c2ccc[nH]2,True
794,0,0,794:0:0,-3.92754,CC(C)CCCC(C)NC(=O)CNc1c2c([nH]cn2)nc(n1)Cl,True
795,0,0,795:0:0,-8.09644,CCOc1c(cc(cc1Cl)C=CC(=O)OC(C)C(=O)N)OC,True
796,0,0,796:0:0,-4.83496,CCCOC(=O)c1ccc(cc1O)NC(=O)CC[NH+]2CCOCC2,True
797,0,0,797:0:0,-7.99839,c1cc2cccnc2c(c1)COC(=O)c3ccc(cc3)OCC(=O)N,True
798,0,0,798:0:0,-5.96304,CCOC(=O)C(=C(NNC(=O)c1ccc(cc1)OC)SC)C#N,True
799,1,0,799:1:0,-5.16589,c1ccc(cc1)CN(NC(=N)NN=Cc2ccccc2)N=O,True
800,0,0,800:0:0,-7.6739,Cc1cccc(c1)OCCNC(=O)CSc2[nH]c(=O)c3cn[nH]c3n2,True
801,0,0,801:0:0,-5.55,CC(C)OC(=O)CCc1c(=O)[nH]c(nn1)SCc2ccc(cc2)N,True
802,0,0,802:0:0,-4.14175,CC(C(=O)NCC=C)OC(=O)c1cccc(c1)Nc2ncccn2,True
803,0,0,803:0:0,-7.64724,CC(OC(=O)C(C)(C)C)OC(=O)C(C)(Cc1ccc(c(c1)O)O)[NH3+],True
804,0,0,804:0:0,-5.13414,C[NH+](Cc1ccccc1N(=O)=O)CC(=O)NCc2ccccc2,True
805,0,0,805:0:0,-4.8199,c1ccc(cc1)S(=O)(=O)NNC(=N)COc2ccccc2Cl,True
806,0,0,806:0:0,-3.52711,Cc1cccc(c1)CNc2c3cnn(c3nc(n2)NCCOC)C,True
807,0,0,807:0:0,-7.54573,CCN(CC)c1ccc(cc1)C=NNC(=O)Cc2cc(=O)[nH][nH]2,True
808,0,0,808:0:0,-7.90646,CC(=N)C(C#N)C(=O)CSc1n[nH]c(=O)n1Cc2ccccc2,True
809,0,0,809:0:0,-4.5608,CCCCn1c(c(c(=O)[nH]c1=O)N(CC(C)C)C(=O)C(C)CC)N,True
810,1,0,810:1:0,-5.24217,CC(C)(C)OC(=O)N1CCN(CC1)c2cc[nH+]c3c2cc[nH]3,True
811,0,0,811:0:0,-4.22043,C#CC[NH2+]Cc1cnn(c1)c2ccccc2,True
812,0,0,812:0:0,-6.49508,Cc1ccc(o1)C(C)[NH2+]C(C)c2cccnc2,True
813,0,0,813:0:0,-7.10212,CC1(c2ccccc2[N+](=C1C=Cc3ccc(c(c3)O)O)C)C,True
814,0,0,814:0:0,-4.22521,Cc1ccccc1CC(=O)NC(=S)N2CC[NH+](CC2)C,True
815,0,0,815:0:0,-3.97736,CCCC12C[NH+]3CCC(C1O)(CN(C2)C3(C)C)CC,True
816,0,0,816:0:0,-6.64272,COC(=O)c1c(c2ccccc2[nH]1)C[NH+]3CCOCC3,True
817,0,0,817:0:0,-5.16826,CC(CNC(=O)c1ccncc1)[NH+]2CCc3ccccc3C2,True
818,0,0,818:0:0,-4.78326,Cc1c(cn(n1)C)C[NH2+]Cc2ccc(cc2)F,True
819,0,0,819:0:0,-6.9891,c1cc(sc1)C(C[NH+]2CCN(CC2)c3ncccn3)O,True
820,0,0,820:0:0,-4.46791,Cc1n[nH]c(=S)n1NCc2ccccc2C(F)(F)F,True
821,0,0,821:0:0,-4.47686,Cc1c(ccc2c1oc(=O)cc2C[NH+](C)C(C)C(C)C)O,True
822,0,0,822:0:0,-4.89348,c1c(c-2cc(c(=O)cc2oc1O)Cl)C[NH+]3CCCCC3,True
823,0,0,823:0:0,-4.76052,c1cc2c(c(c1)NC(=O)C[NH+]3CCCCC3)nsn2,True
824,0,0,824:0:0,-5.47839,CC(C)[NH+]1CCN(CC1)C(=O)CCc2[nH]c3ccccc3n2,True
825,0,0,825:0:0,-5.2125,Cc1cc(n[nH]1)C[NH+](C)CC2COc3ccccc3O2,True
826,0,0,826:0:0,-7.24796,c1cc(ccc1c2nc(on2)C[NH+]3CCC(CC3)O)F,True
827,0,0,827:0:0,-8.02663,Cn1c(cc(n1)c2ccccc2)C3C[NH+]4CCC3CC4CO,True
828,0,0,828:0:0,-4.97001,CC[NH+]1CCN(CC1)C(=O)c2ccc(cc2)C[NH+]3CCCC3,True
829,0,0,829:0:0,-5.27531,c1ccc2c(c1)CCC2[NH2+]Cc3nnc4n3cccc4,True
830,0,0,830:0:0,-5.10337,c1cc(cc(c1)F)OCC2[NH2+]CCS2,True
831,1,0,831:1:0,-6.81547,Cc1nc(c2n1cccc2)C=CC(=O)c3ccc(cc3)O,True
832,0,0,832:0:0,-4.32688,CC1(C2CCC(C2)C1(C)NC(=O)C[NH+]3CCCC3)C,True
833,0,0,833:0:0,-6.64513,CC(C1CCCO1)[NH2+]Cc2ccc(o2)Br,True
834,0,0,834:0:0,-9.42446,c1cc2c(cc1Cl)c(=O)c(co2)C[NH+]3CCCC3CO,True
835,1,0,835:1:0,-5.51005,Cc1cc(ccc1F)CNC(=O)CN2CC(OCC2C)C,True
836,0,0,836:0:0,-7.59785,c1ccc(cc1)C=NNC(=O)c2c(cn[nH]2)Br,True
837,0,0,837:0:0,-5.84466,c1ccc2c(c1)CCCN2c3nnc(o3)C4CCC[NH2+]4,True
838,0,0,838:0:0,-4.77258,c1ccc(cc1)C(C=NO)[NH+]2CCCCC2,True
839,0,0,839:0:0,-4.12897,CC(C12CC3CC(C1)CC(C3)C2)[NH2+]CC(=O)N4CCCC4,True
840,0,0,840:0:0,-5.0637,C[NH+]1C2CC(CC1C3C2O3)OC(=O)c4c[nH]c5c4cccc5,True
841,0,0,841:0:0,-7.30991,c1ccc2c(c1)CC[NH+](C2)CC(C#N)C(c3ccncc3)O,True
842,0,0,842:0:0,-4.16781,C#CCNC(=O)C[NH+]1CCCC1c2nc3ccccc3s2,True
843,0,0,843:0:0,-7.25698,CC(C)(C)C(C)(C#CC[NH+]1CCOCC1)O,True
844,0,0,844:0:0,-5.58212,c1ccn2c(c1)cnc2SCC(=O)c3ccc[nH]3,True
845,0,0,845:0:0,-4.97405,Cc1ccc2c(c1)nc([nH]2)SCc3nnc(o3)C,True
846,0,0,846:0:0,-5.29067,c1ccn2c(c1)nnc2C[NH2+]Cc3c(cccc3Cl)F,True
847,0,0,847:0:0,-5.15993,CC(C)[NH2+]Cc1nnc(o1)c2ccc(cc2)Cl,True
848,0,0,848:0:0,-4.87413,CCOc1ccc(c2c1[nH]cn2)OCC,True
849,0,0,849:0:0,-7.61666,c1ccc(c(c1)c2nnc3n2C[NH+](CS3)CCO)Cl,True
850,1,0,850:1:0,-7.9403,Cc1c([nH]c(n1)C2CC(=O)N(C2)C(C)C)c3cccs3,True
851,0,0,851:0:0,-4.33366,CC(C)n1c(ccn1)NC(=O)c2ccccc2,True
852,0,0,852:0:0,-4.58411,C1CC[NH+](C1)CC[NH+]2CC3CC=C(CC3C2)Cl,True
853,0,0,853:0:0,-5.3069,Cc1cnc(s1)C[NH2+]Cc2ccco2,True
854,0,0,854:0:0,-5.057,c1cc(c2c(c1)non2)CN3CCCC(C3)[NH+]4CCCC4,True
855,0,0,855:0:0,-5.15382,CC(C#CC1c2c(cc3c(c2OC)OCO3)CC[NH+]1C)O,True
856,0,0,856:0:0,-5.16415,Cc1c(c(on1)C)CC[NH+]2CCC(C2)(c3ccccc3)O,True
857,0,0,857:0:0,-4.43017,Cc1ccc(o1)C(=O)NCC(C)(C)[NH+]2CC(OC(C2)C)C,True
858,0,0,858:0:0,-6.06285,c1cc(c(cc1Br)C=Nn2cn[nH]c2=S)O,True
859,1,0,859:1:0,-4.24706,Cc1ncc(n1C)c2[nH]c3c(n2)cnn3CC4CCC=CC4,True
860,2,0,860:2:0,-5.98082,Cc1c([nH]c[nH+]1)C[NH+]2CCCCC2c3cccnc3,True
861,0,0,861:0:0,-5.04021,CC(C)NC(=O)C1CC(=O)N(C1)c2cccc3c2cccc3,True
862,1,0,862:1:0,-5.00993,Cn1cc[nH+]c1C(c2cccc(c2)F)NC(=O)C3CC3,True
863,0,0,863:0:0,-5.0182,CCC1COC(C[NH+]1CC(=O)Nc2cc(ccc2F)F)C,True
864,0,0,864:0:0,-7.54211,Cc1ccc(c(c1)O)C[NH+]2CCOCC2,True
865,0,0,865:0:0,-4.94043,Cc1nc(on1)C[NH+]2CCN(CC2)c3ccccc3O,True
866,0,0,866:0:0,-7.74464,CCc1ccc2c(c1)onc2CC[NH+]3CCNCC3,True
867,0,0,867:0:0,-8.00877,CC[NH+]1CCN(CC1)c2ccc(cc2F)CO,True
868,0,0,868:0:0,-6.20711,c1ccnc(c1)n2c3c(cn2)C(CCC3)[NH2+]C4CCOCC4,True
869,0,0,869:0:0,-4.63634,CC(C)N=Cc1cc2n(c1O)-c3ccccc3C2=O,True
870,0,0,870:0:0,-6.37859,CCc1nc([nH]n1)SC(C)C(=O)c2c(c(c([nH]2)C)C(=O)OCC)C,True
871,1,0,871:1:0,-6.48495,Cc1ccccc1C(c2ccccc2)OCCON(C)CC(=N)NO,True
872,0,0,872:0:0,-7.29189,CC(=N)C(C#N)C(=O)COC(=O)CCc1nc(no1)c2ccc(cc2)F,True
873,0,0,873:0:0,-7.98775,CCOC(=O)c1c(c(c([nH]1)C)C(=O)COc2cc(ccc2C(=O)N)C)C,True
874,0,0,874:0:0,-8.4929,CC(C)C[NH+](Cc1[nH]c(=O)c2ccc(cc2n1)C(=O)OC)CC(=O)N,True
875,0,0,875:0:0,-3.99165,c1ccc(cc1)CONC2C(C(=NOCc3ccccc3)NC(=O)N2)F,True
876,0,0,876:0:0,-7.74224,Cc1ccc(cc1)OCc2ccc(o2)C(=O)OCC(=O)C(=C(C)N)C#N,True
877,0,0,877:0:0,-7.03535,CCCOC(=O)CSc1nnc(n1N)NN=Cc2ccc(cc2)C,True
878,0,0,878:0:0,-7.8574,COc1ccc(cc1F)C(=O)COC(=O)C=Cc2ccc(cc2)C(=O)N,True
879,0,0,879:0:0,-9.42118,Cc1cccc(c1O)C(=O)OCC(=O)N(CCC(=O)N)c2ccccc2,True
880,1,0,880:1:0,-7.56476,CCOC(=O)CNC(=O)CSc1[nH]c(=O)cc(n1)c2ccccc2,True
882,0,0,882:0:0,-7.97183,c1ccc2c(c1)c(c[nH]2)CCCC(=O)OCC(=O)NC(=O)c3ccc[nH]3,True
883,0,0,883:0:0,-8.34931,CC(=O)NCCc1ccc(cc1)C(=O)COC(=O)c2ccc(cc2O)[O-],True
884,0,0,884:0:0,-6.96717,COC(=O)c1ccc(cc1)CNC(=O)CONC(=N)c2ccc(cc2)Cl,True
885,0,0,885:0:0,-4.54469,CCOC(=O)c1c(c(c(s1)N)C#N)CSc2nnc(s2)NC,True
886,0,0,886:0:0,-8.15965,c1ccc(c(c1)COC(=O)CC(c2ccccc2F)NC(=O)N)N(=O)=O,True
887,0,0,887:0:0,-2.76921,Cc1cc(nc(n1)NCC=C)OCC(=O)NN=CC=Cc2ccccc2,True
888,0,0,888:0:0,-6.47443,CCN(CC)c1ccc(cc1)NC(=O)COC(=O)c2cc(c[nH]2)C(=O)C,True
889,0,0,889:0:0,-6.98435,CC(C)OCc1ccc(cc1)C(=O)OCC(=O)NC(=O)NC(C)(C)C,True
890,0,0,890:0:0,-6.72946,CC(C(=O)Nc1cccc(c1)C(=O)C)Nc2ccc(cc2)CC(=O)OC,True
891,0,0,891:0:0,-6.39284,CCC(C)N(C(C)CC)C(=O)Cn1nc(nn1)c2ccc(cc2)C(=O)N,True
892,0,0,892:0:0,-3.13774,CC(C)C(c1ccccc1)NC(=O)CNS(=O)(=O)Cc2ccccc2,True
894,0,0,894:0:0,-4.31998,CC(C)CCNC(=O)NC(=O)C(C)OC(=O)Cc1c2ccccc2on1,True
895,1,0,895:1:0,-7.24106,c1ccc(cc1)C(=O)ONC(=N)CC(=O)NOC(=O)c2ccccc2,True
896,0,0,896:0:0,-3.94251,c1ccc(cc1)CNC(=S)NNC(=O)COc2ccc(cc2)N(=O)=O,True
897,0,0,897:0:0,-7.47711,CCN(CC)C(=O)CSc1nc([nH]n1)NN=Cc2cccc(c2)O,True
898,0,0,898:0:0,-4.152,CCC(C)(C)NC(=O)C(C)OC(=O)CC(C)NC(=O)c1ccccc1,True
899,0,0,899:0:0,-7.98476,c1ccc(c(c1)C(=O)OCc2nc(no2)c3cccs3)OCC(=O)N,True
900,0,0,900:0:0,-3.50136,CC[NH+](Cc1cnn(c1)c2ccccc2)CC(=O)NC(C)(C)C,True
901,0,0,901:0:0,-3.93333,C[NH+](CCOc1ccc(cc1)F)CC(=O)Nc2ccccc2F,True
902,0,0,902:0:0,-5.18386,CC(C[NH+]1CCCC1)C[NH+](C)Cc2nc(no2)c3ccccn3,True
903,0,0,903:0:0,-6.23178,Cc1c(nc(o1)c2ccoc2)C[NH+](CCO)Cc3ccccc3,True
904,0,0,904:0:0,-6.43904,COc1cccc(c1)C[NH+]2CCN(CC2)C(=S)NCC=C,True
905,0,0,905:0:0,-7.72505,CCCc1c(nc([nH]1)C2CC(=O)N(C2)CCOC)c3ccccc3,True
906,0,0,906:0:0,-6.26104,Cc1ccc(cc1)C(C2CC2)NC(=O)C[NH+](C)Cc3cnn(c3)C,True
907,0,0,907:0:0,-4.76749,C[NH+](C)CC(c1ccccc1)NS(=O)(=O)Cc2ccccc2,True
908,0,0,908:0:0,-4.84284,Cc1c(c([nH]c1C(=O)C(C)[NH+](C)Cc2ccco2)C)C(=O)OC,True
909,0,0,909:0:0,-5.56806,CC[NH+](Cc1ccco1)CC(=O)NC(C)c2cc3ccccc3o2,True
910,0,0,910:0:0,-7.26046,CC[NH+](Cc1ccc(c(c1)F)OC)CC(=O)Nc2cc(on2)C,True
911,0,0,911:0:0,-4.69305,CCn1c(c(cn1)C(C)[NH2+]Cc2cc(n(n2)CC)C(F)(F)F)C,True
912,0,0,912:0:0,-4.07779,Cc1c(n(c(n1)SCC(=O)NCc2ccco2)CC(C)C)C,True
913,0,0,913:0:0,-7.47055,c1ccc(cc1)Oc2ccccc2OCC(C[NH+]3CCOCC3)O,True
914,0,0,914:0:0,-4.57467,CCN(Cc1ccco1)C(=O)CCCc2[nH]c3ccccc3n2,True
915,0,0,915:0:0,-5.26686,Cc1ccc2c(c1)[nH]c(c2C(=O)C[NH+](C)CC(OC)OC)C,True
916,0,0,916:0:0,-6.27746,C[NH+](Cc1cc(ccc1F)C#N)CC(=O)NC(C2CC2)C3CC3,True
917,0,0,917:0:0,-6.25065,C[NH+](Cc1ccccc1)C2CCC[NH+](C2)CCCn3cccn3,True
918,0,0,918:0:0,-7.11083,CCOC(=O)c1c(c(c([nH]1)C)C(=O)CSc2nccn2C)C,True
919,0,0,919:0:0,-6.95567,CC(C)CC(C(=O)OC)NC(=O)C[NH+]1CCc2ccccc2C1,True
920,0,0,920:0:0,-6.81926,C[NH+](Cc1ccccc1)Cc2cccn2CC[NH+]3CCOCC3,True
921,0,0,921:0:0,-4.28045,Cc1cc(no1)C[NH+](C)CCC(=O)Nc2ccccc2SC,True
922,0,0,922:0:0,-6.73439,CC(C)Cc1nc(on1)C[NH+](C)Cc2ccc(cc2)C(=O)NC,True
923,0,0,923:0:0,-7.205,CC(C1CC1)[NH+](Cc2ccccc2)CC(=O)NC(C)(C#N)C3CC3,True
924,1,0,924:1:0,-5.51545,c1ccc(cc1)Cn2cc[nH+]c2CCNC(=O)CC3CCC=C3,True
925,0,0,925:0:0,-6.31589,C[NH+](CCc1c[nH]nc1)Cc2nc(no2)Cc3cccc(c3)F,True
926,0,0,926:0:0,-5.723,c1cc(cnc1)CCNC(=O)c2ccc(o2)CSC(F)F,True
927,0,0,927:0:0,-7.24985,c1ccc(cc1)c2[nH]cc(n2)C[NH+](CCC#N)Cc3ccco3,True
928,0,0,928:0:0,-7.48337,C[NH+](C)C1CC[NH+](CC1CCC(=O)OC)Cc2cccc(c2)F,True
929,0,0,929:0:0,-6.08611,CCC(C)NC(=O)CSc1nccn1c2cccc(c2)OC,True
930,1,0,930:1:0,-4.19475,c1ccc(cc1)Cn2cc[nH+]c2CCNC(=O)c3ccoc3,True
931,0,0,931:0:0,-7.11839,CCOP(=O)(C=Cc1cnc(c(c1C)O)C)OCC,True
932,0,0,932:0:0,-6.70175,Cc1cc(no1)C[NH+](Cc2ccc(cc2)C(=O)NC)C3CC3,True
933,1,0,933:1:0,-4.96012,CCNc1nnc(s1)SCc2[nH+]ccn2C(F)F,True
934,0,0,934:0:0,-5.1577,Cc1c(nc[nH]1)C[NH+]2CCOC(C2)CCCC(C)C,True
935,0,0,935:0:0,-6.92801,CC(C)(C)NC(=O)C[NH+](C)Cc1nc(no1)c2ccccc2,True
936,0,0,936:0:0,-6.00571,CC(C)c1nn(c(=S)o1)C[NH+](C)CC(=O)NC(C)C,True
937,0,0,937:0:0,-6.88704,CCc1ccc(cc1)OCC(C[NH+]2CCOCC2)O,True
938,0,0,938:0:0,-7.2309,CC(c1ccc(cc1F)F)NC(=O)COC(=O)C2CC2,True
939,0,0,939:0:0,-4.72035,CC(C[NH2+]CCc1nnc2n1cccc2)c3ccccc3,True
940,0,0,940:0:0,-4.77978,CCCc1nc(on1)CCC(=O)Nn2cnc3c2cccc3,True
941,0,0,941:0:0,-5.65019,Cc1cc(nc(n1)C(C)C)OCC(=O)NCc2ccco2,True
942,0,0,942:0:0,-4.85274,Cn1cc(cn1)C[NH+](C)C(c2ccccc2)C(=O)NC3CC3,True
943,0,0,943:0:0,-6.30613,CCC[NH+]1CCC(CC1)[NH+]2CCCCC2C(=O)OCC,True
944,0,0,944:0:0,-3.31045,Cc1cc(c2ccccc2n1)C(=O)NCCCOC(C)C,True
945,0,0,945:0:0,-4.0387,Cc1ccccc1n2cnnc2SC(C)C(=O)NCC=C,True
946,0,0,946:0:0,-4.48109,CCn1ccc(n1)C[NH2+]Cc2cc(nn2C)C(F)(F)F,True
947,0,0,947:0:0,-4.49641,c1ccnc(c1)CCSCC(=O)Nc2ccccn2,True
948,0,0,948:0:0,-6.92225,CCOc1cccc(c1)C(C#N)NCc2ccncc2,True
949,0,0,949:0:0,-7.21996,COc1ccc2cc(ccc2c1)C[NH2+]CC(=O)OC,True
950,0,0,950:0:0,-6.60783,COCCCNc1c2cnn(c2ncn1)c3ccc(cc3)F,True
951,0,0,951:0:0,-7.13504,CC(C1CC1)NC(=O)COC(=O)c2c[nH]c3c2cccc3,True
952,0,0,952:0:0,-5.79239,CCOC(=O)c1ccc(nc1)NC(C)c2cnn(c2C)C,True
953,0,0,953:0:0,-7.80547,CC(C(=O)NCc1ccccc1)OC(=O)c2ccc[nH]2,True
954,0,0,954:0:0,-4.147,CC(c1ccccc1)c2c(n3ccncc3n2)NCCOC,True
955,0,0,955:0:0,-4.06921,CCOC(=O)c1cc2cc(ccc2[nH]1)C(=O)NCC=C,True
956,1,0,956:1:0,-7.18792,CC(C)CCC(=O)NCCc1cn2ccccc2[nH+]1,True
957,0,0,957:0:0,-5.38285,CC[NH+](CC)CCN1C(=O)COC(=N1)c2ccccc2O,True
958,0,0,958:0:0,-5.12727,Cc1ccc(cc1)C(=O)C(C[NH+](C)C)C[NH+](C)C,True
959,0,0,959:0:0,-5.00587,CN(C)c1ccc(cc1)CNc2nnnn2CC=C,True
960,0,0,960:0:0,-8.81554,COCC[NH+](CCOC)Cc1c(c2ccccc2[nH]c1=O)[O-],True
961,0,0,961:0:0,-7.26834,Cc1cc(cc(c1)C(=O)NCC(=O)OCC(=O)C(C#N)C(=N)C)C,True
962,0,0,962:0:0,-7.72364,CC(C)CNC(=O)NC(=O)C[NH+](C)Cc1ccc(cc1)C(=O)OC,True
963,0,0,963:0:0,-7.98865,CCOC(=O)c1c(c2c(=O)[nH]c(nc2s1)C(C)[NH2+]CCOC)C,True
964,0,0,964:0:0,-3.54029,CCOC(=O)NNC(=O)C(C(C)C)NC(=O)Cc1ccccc1,True
965,0,0,965:0:0,-5.26246,CCC[NH+](CCC)CC(=O)c1c(n(nn1)c2c(non2)N)C,True
966,1,0,966:1:0,-4.28205,CCOC(CCc1c([nH]c(nc1=O)N)c2ccccc2)OCC,True
967,0,0,967:0:0,-3.43926,CCOC(=O)c1c(c([nH]c1C)C(=O)NNC(=O)CC(C)C)C,True
968,0,0,968:0:0,-8.97524,CC(C)OC(=O)C(=Cc1ccc(c(c1)OC)OCC(=O)N)C#N,True
969,0,0,969:0:0,-6.65942,c1cc(ccc1N2C(CC(=N2)C(=O)OCCCCC#N)C(=O)N)F,True
970,0,0,970:0:0,-3.83588,CCCOCCOC(=O)C1=C(NC(=O)NC1c2cccc(c2)O)C,True
971,0,0,971:0:0,-7.29166,Cc1c(c(=O)[nH]c(=O)[nH]1)CCC(=O)NC(C)CCCC(C)C,True
972,0,0,972:0:0,-7.2044,CCOC(=O)CSC(C)C(=O)Nc1c(ccs1)C(=O)N,True
973,0,0,973:0:0,-7.24718,CCOC(=O)c1cnc(nc1N)SCC[NH+]2CCOCC2,True
974,0,0,974:0:0,-4.86187,CC(C)[NH2+]CC(COc1cc(ccc1N2CCCC2)N(=O)=O)O,True
975,0,0,975:0:0,-3.40977,CCCCCCC(=O)NNC(=O)c1c2ccccc2c(=O)[nH]n1,True
976,0,0,976:0:0,-5.36015,CC(C)CN(CC(C)C)C(=O)CSCc1nc(nc(n1)N)N,True
977,0,0,977:0:0,-6.44748,CC(C)NC(=O)CCCSc1ccc(nn1)NC(=O)C2CC2,True
978,0,0,978:0:0,-9.67895,c1ccc(cc1)N(CCC(=O)N)C(=O)COC(=O)C2CCCCC2,True
979,0,0,979:0:0,-8.0027,CC(C)OCc1ccc(cc1)C(=O)OC(C)C(=O)NC(=O)N,True
980,0,0,980:0:0,-6.66312,c1cc(cc(c1)N(=O)=O)C=CC(=O)NC(=S)NCCCO,True
981,0,0,981:0:0,-5.89389,CC(COC)NC(=S)NNC(=O)c1ccc(s1)N(=O)=O,True
982,0,0,982:0:0,-3.55208,CC(C)(C)NC(=S)NNC(=O)COc1ccccc1N(=O)=O,True
983,0,0,983:0:0,-7.29377,CCNc1nnc(s1)SCC(=O)NC(C(C)C)C(=O)C,True
984,0,0,984:0:0,-7.24078,CC(C)(C)[NH2+]CC(=O)Nc1cc(cc(c1)C(=O)OC)C(=O)OC,True
985,0,0,985:0:0,-6.92897,CC(C(=O)OCC(=O)NC(=O)NCC=C)Oc1cccc(c1)F,True
986,0,0,986:0:0,-5.66773,CC(c1ccc(cc1)S(=O)(=O)N)[NH+](C)CC(=O)OC(C)(C)C,True
987,0,0,987:0:0,-7.51279,CNC(=NC#N)NCC[NH+]1CCC(CC1)C(=O)c2ccc(cc2)F,True
988,0,0,988:0:0,-6.78107,CCNC(=S)NN=Cc1cc(c(cc1N(=O)=O)OC)OC,True
989,0,0,989:0:0,-5.26852,CCCCS(=O)(=O)N=C1NCN(CN1)Cc2ccccc2,True
990,0,0,990:0:0,-3.81554,CC(C(CC=C)(CC=C)O)Nc1c(nc2c(n1)non2)N(C)C,True
991,0,0,991:0:0,-6.28318,CCCCCn1c(=O)c2ccccc2c(n1)C(=O)OCC(=O)N,True
992,0,0,992:0:0,-5.20065,CCCC(c1ccccc1)NC(=O)COC(=O)c2c(nccn2)N,True
993,0,0,993:0:0,-6.88963,Cc1cc(no1)NC(=O)C(C)OC(=O)c2ccccc2NCCO,True
994,0,0,994:0:0,-7.63016,c1cc(oc1)C[NH+](Cc2ccc(cc2N(=O)=O)C(=O)N)C3CC3,True
995,0,0,995:0:0,-6.62179,CCOC(=O)CCCNC(=O)C(=O)c1c([nH]c2c1cccc2)C,True
996,0,0,996:0:0,-5.30085,C=CCOc1ccc(cc1)C=NNC(=O)C(=O)NCc2cccnc2,True
997,1,0,997:1:0,-5.63495,CCOC(=O)c1c(c([nH]c1C)C(=O)CSc2[nH]nc(n2)N)C,True
998,0,0,998:0:0,-3.22101,COCCNc1c2c(nccn2)nc(n1)NCCc3ccccc3,True
999,0,0,999:0:0,-7.54108,CCCCNC(=O)Cc1nc(on1)CSc2nc(cc(n2)N)C,True
1000,0,0,1000:0:0,-3.40941,Cc1cccc(c1N(=O)=O)C(=O)NNC(=S)NC(C)COC,True
1001,0,0,1001:0:0,-3.36043,CCCCOc1ccc(cc1)C(=O)NCC(=O)Nc2ncccn2,True
1002,0,0,1002:0:0,-3.76977,CCN(CC)S(=O)(=O)c1ccc(nc1)NN=C(C)c2ccc[nH]2,True
1003,0,0,1003:0:0,-6.71613,Cc1ccc(cc1)C=NNc2nnc(n2N)SCC(=O)OC,True
1004,0,0,1004:0:0,-6.66775,COC(=O)CSCc1nc(nc(n1)Nc2ccc(cc2)F)N,True
1005,0,0,1005:0:0,-6.9032,C=C(C(C#N)C(=O)COC(=O)COc1ccc2c(c1)CCC2)N,True
1006,0,0,1006:0:0,-6.26304,c1ccc(cc1)C(CC(=O)NCC(c2ccccc2)O)CC(=O)[O-],True
1007,0,0,1007:0:0,-6.22687,CCCCCC(C)NC(=O)Cc1c(nc2nc(nn2c1C)N)C,True
1008,0,0,1008:0:0,-8.57119,c1cc(sc1)C(=O)CCCC(=O)Nc2nc(cs2)CC(=O)N,True
1009,0,0,1009:0:0,-7.45768,COc1cc(ccc1N)N=Nc2ccc(cc2)N(CCO)CCO,True
1010,0,0,1010:0:0,-8.36881,CCC(C(=O)OC(C)C(=O)N)n1nc(nn1)c2ccc(cc2)Cl,True
1011,0,0,1011:0:0,-7.84101,CCCCC(=O)NCCNC(=O)c1[nH]c(=O)c2ccccc2n1,True
1012,0,0,1012:0:0,-8.10586,CN(C)c1nc(nc(n1)SCC(=O)N)NCc2ccccc2,True
1013,0,0,1013:0:0,-7.79731,COc1ccccc1C(C(c2ccc(c(c2)OC)O)O)OCO,True
1014,0,0,1014:0:0,-7.01838,C=C(C(C#N)C(=O)CSc1nnc(s1)Nc2ccccc2)N,True
1015,0,0,1015:0:0,-5.72111,CC(C)CNC(=O)NC(=O)COC(=O)CCc1ccc(cc1)C#N,True
1016,0,0,1016:0:0,-3.64513,CC(C(=O)NC(=O)NCC=C)OC(=O)COc1ccccc1F,True
1017,0,0,1017:0:0,-5.87597,c1cc(oc1)CNC(=S)NNC(=O)Cc2ccc(cc2)N(=O)=O,True
1018,0,0,1018:0:0,-4.68404,C[NH+](C)CC(=O)Nc1c2cc(c(cc2[nH]c1C(=O)OC)OC)OC,True
1019,0,0,1019:0:0,-7.48638,CCCn1c(nnn1)CSC(=Nc2cccc(c2)NC(=O)C)N,True
1020,0,0,1020:0:0,-5.00886,c1ccc(cc1)C[NH+]2CCN(CC2)N=Cc3c4ccccc4ccc3O,True
1021,1,0,1021:1:0,-5.41529,CN1CC[NH+](CC1)C2Cc3ccc(cc3Sc4c2cc(cc4)O)F,True
1022,0,0,1022:0:0,-5.25565,Cc1ccc(c(c1)n2c(cc(n2)C)NC(=O)C[NH+]3CCC(CC3)C)C,True
1023,0,0,1023:0:0,-4.26584,c1ccc(cc1)N2C(=O)C(=Cc3c[nH]c4c3cccc4)C(=O)NC2=S,True
1024,0,0,1024:0:0,-4.87923,Cc1c(ccc2c1oc(=O)cc2C[NH+](C)C3CCCc4c3cccc4)O,True
1025,0,0,1025:0:0,-4.39463,CC(c1ccccc1)[NH+]2CCN(CC2)C(=O)NC3CC3c4ccccc4,True
1026,0,0,1026:0:0,-4.94198,CCOc1cccc(c1O)C=Nc2c(c3c(s2)C[NH+](CC3)C)C#N,True
1027,1,0,1027:1:0,-6.56731,c1cc(c(c(c1)F)c2c[nH]nc2C3CCC[NH+](C3)Cc4ccoc4)F,True
1028,1,0,1028:1:0,-5.67016,Cc1[nH+]ccn1CC(Cn2c3c(c4c2c(ccc4)Cl)CCCC3)O,True
1029,0,0,1029:0:0,-5.05259,c1cc(cnc1)c2ncc3c(n2)CCCC3[NH2+]Cc4cc(ccc4F)F,True
1030,0,0,1030:0:0,-4.47385,C[NH+]1CCc2cc3c(c(c2C1c4c[nH]c5c4ccc(c5)F)OC)OCO3,True
1031,1,0,1031:1:0,-5.20079,CC1CN(CC(O1)C)Cc2ccc(cc2)C(=O)Nc3ccc(cc3)C#N,True
1032,0,0,1032:0:0,-4.23653,Cc1ccc(cc1C)NC2CCC[NH+](C2)Cc3c(nn(c3Cl)C)C,True
1033,0,0,1033:0:0,-4.70181,c1c2c(cc(c1F)F)nc([nH]2)CSc3nnc(o3)C4CCCCC4,True
1034,1,0,1034:1:0,-4.223,c1ccc2c(c1)c3c([nH]2)C4C5CCCCN5C([NH+]4CC3)c6cccnc6,True
1035,0,0,1035:0:0,-4.5712,CCC1CCCC[NH+]1Cc2c(=O)c(cc-3c(c(c(oc23)O)C)C)Cl,True
1036,0,0,1036:0:0,-5.07882,c1ccc2c(c1)cccc2c3c4c(n[nH]3)CC[NH+](C4)Cc5nccs5,True
1037,0,0,1037:0:0,-5.40568,c1cc(c(c(c1)Cl)Cl)C(=O)NCC(c2ccc(cc2F)F)O,True
1038,0,0,1038:0:0,-4.87361,c1ccc(cc1)N2CC[NH+](CC2)C3CC[NH+](CC3)C4CC5CCC4C5,True
1039,0,0,1039:0:0,-4.26556,c1ccc(cc1)CNC(=O)C(=Cc2cc(ccc2O)Br)C#N,True
1040,0,0,1040:0:0,-4.14088,Cc1ccccc1C(=O)NN2C(=O)C(=Cc3ccc[nH]3)SC2=S,True
1041,0,0,1041:0:0,-4.64463,CC(c1ccc(cc1)Cl)[NH2+]Cc2cc(=O)n3cc(ccc3n2)Cl,True
1042,0,0,1042:0:0,-4.57349,CC(C)(C)c1nnc(n1N)SCc2c(c(c(c(c2F)F)F)F)F,True
1043,1,0,1043:1:0,-7.83837,COc1ccc2cc(ccc2c1)c3c(c[nH]n3)C[NH+]4CCSCC4,True
1044,0,0,1044:0:0,-4.89757,Cc1c(oc(c1C(=O)NCC(C)(C)[NH+]2CCc3ccccc3C2)C)C,True
1045,1,0,1045:1:0,-5.7537,c1ccc(cc1)CC2CN3CC(CC3C[NH+]2Cc4ccccc4F)O,True
1046,0,0,1046:0:0,-6.14406,Cc1nc(c2c3c(sc2n1)CCCCC3)NCC[NH+]4CCOCC4,True
1047,1,0,1047:1:0,-7.08499,CN1CCC[NH+](CC1)CCn2ccc3c2cc(cc3)c4ccsc4,True
1048,0,0,1048:0:0,-6.29741,CC(C)N1CC(CC1=O)c2[nH]c(c(n2)c3ccccc3)c4ccccc4,True
1049,1,0,1049:1:0,-4.3907,Cc1ccc2c(c1)[nH]c(n2)SCc3cc(=O)n4c(csc4n3)C,True
1050,0,0,1050:0:0,-4.35359,CCOC(=O)C1=C(NC(=O)NC1)C[NH+](C)Cc2cccc(c2)N(=O)=O,True
1051,1,0,1051:1:0,-6.08692,CC(C(=O)[O-])[NH2+]Cc1c(ccc(c1O)C(=O)COc2ccccc2)O,True
1052,0,0,1052:0:0,-7.23461,c1ccc2c(c1)c(nn(c2=O)CC(=O)OCC(=O)c3ccc[nH]3)C(=O)N,True
1053,0,0,1053:0:0,-6.48259,CCC(C)C(C(=O)OC)NC(=O)CSc1nnc(c(=O)n1N)C,True
1054,0,0,1054:0:0,-7.99989,CCC1(C(=O)N(C(=O)N1)NC(=O)C[NH+](CC)CCO)c2ccccc2,True
1055,0,0,1055:0:0,-5.43259,CCOC(=O)CC(c1c(=O)[nH]c2c(n1)c(nc(n2)N)N)C(=O)OCC,True
1056,0,0,1056:0:0,-8.41801,CC(C(=O)c1c[nH]c2c1cccc2)OC(=O)CCC3C(=O)NC(=O)N3,True
1057,1,0,1057:1:0,-6.85976,CC(COC)NC(=O)NC(=O)COC(=O)c1cc([nH]n1)c2ccccc2,True
1058,0,0,1058:0:0,-5.59014,CCN(CC)c1nc(nc(n1)n2cnc(n2)SCC(=O)NN)NC,True
1059,0,0,1059:0:0,-4.8006,CC(C)(C)NC(=O)COc1c(cccc1OC)CNn2c(nnn2)N,True
1060,0,0,1060:0:0,-7.19103,COCc1nnc(n1N)SCC(=O)Nc2ccccc2C(=O)OC,True
1061,0,0,1061:0:0,-7.69106,CN(C)C(=O)C[NH+]1CCCN(CC1)CCS(=O)(=O)CCC(=O)N,True
1062,0,0,1062:0:0,-8.47855,Cc1csc(=O)n1CCCC(=O)OC(C(C)C)C(=O)NC(=O)N,True
1063,0,0,1063:0:0,-8.31353,CC(C(=O)N)OC(=O)c1ccc(cc1)S(=O)(=O)NCc2ccco2,True
1064,0,0,1064:0:0,-5.5418,c1cc(cc(c1)F)NC(=O)CNc2cc(ccc2NCCO)N(=O)=O,True
1065,0,0,1065:0:0,-7.47743,COCCCn1c(cc(=O)[nH]c1=O)NC(=O)CSc2nc[nH]n2,True
1066,0,0,1066:0:0,-8.17286,COc1cc(cc(c1)OC)C(=O)NN=Cc2ccc(cc2)OCC(=O)N,True
1067,0,0,1067:0:0,-7.12535,Cc1c(c(c(nc1C)SCC(=O)OCC(=O)NOC)C(=O)N)C,True
1068,0,0,1068:0:0,-8.18341,CCOC(=O)c1ccc(cc1)N2C(=O)CC(C2=O)[NH2+]CCNC(=O)C,True
1069,0,0,1069:0:0,-6.63542,CC(C)NC(=O)CNC(=O)c1ccc(cc1)CCNS(=O)(=O)C,True
1070,2,0,1070:2:0,-7.28007,Cc1c(c([nH]n1)SCC(=O)NCCC[NH+]2CCOCC2)N(=O)=O,True
1071,0,0,1071:0:0,-4.34606,CN(C)c1nc(nc(n1)N)COC(=O)CCNC(=O)c2ccsc2,True
1072,1,0,1072:1:0,-5.99261,COc1ccccc1N(CCC(=O)N)C(=O)CSc2[nH]nc(n2)N,True
1073,0,0,1073:0:0,-7.45408,CC(=C(C#N)C(=O)COC(=O)CNS(=O)(=O)c1ccccc1F)N,True
1074,0,0,1074:0:0,-6.96711,CC(C)OCCCNC(=O)C(=O)NCc1c2ccccc2c(=O)[nH]n1,True
1075,0,0,1075:0:0,-6.8125,CC[NH+](CC(=O)NC1CCS(=O)(=O)C1)CC(=O)NC(C)C(C)C,True
1076,0,0,1076:0:0,-3.59735,CCOC(=O)c1c([nH]c(c1S(=O)(=O)NCC(=O)NC(C)(C)C)C)C,True
1077,1,0,1077:1:0,-6.88182,CCN(C1CCS(=O)(=O)C1)C(=O)CSC(=N)NC(C)COC,True
1078,0,0,1078:0:0,-5.14815,c1cc2c(cc1N(=O)=O)c(c([nH]2)C(=O)[O-])CCNC(=O)CCC(=O)[O-],True
1079,0,0,1079:0:0,-4.71615,CCCCC(=O)NNC=C1C(=O)NC(=O)N(C1=O)CCc2ccccc2,True
1080,0,0,1080:0:0,-6.56229,CCOC(=O)CNC(=S)NCC(c1ccc2ccccc2c1)O,True
1081,1,0,1081:1:0,-6.94893,CN(CCC[NH2+]Cc1c[nH]nc1c2ccc(cc2)OC)C(=O)OC,True
1082,0,0,1082:0:0,-4.64595,CC[NH+](CC)CC[NH2+]Cc1cc(n(c1C)c2cc(on2)C)C,True
1083,1,0,1083:1:0,-6.80749,CCN(Cc1cccc(c1)F)C(=O)CSC(=N)NCCOC,True
1084,8,0,1084:8:0,-7.55822,c1ccc(cc1)CSCCNC(=[NH+]CCc2cnc[nH]2)N,True
1085,0,0,1085:0:0,-3.37114,CCCNC(=S)NNC(=O)CCc1ncc(o1)c2ccccc2,True
1086,0,0,1086:0:0,-4.56452,c1ccc(cc1)COP(=O)(NN)N(CCCl)CCCl,True
1087,0,0,1087:0:0,-6.57923,c1ccc2c(c1)c(c[nH]2)CCNC(=S)NCC[NH+]3CCOCC3,True
1088,0,0,1088:0:0,-4.27225,CCC[NH+](CCC)CCNC(=O)NCc1c2ccccc2on1,True
1089,0,0,1089:0:0,-5.06171,CC[NH+](CC)CCNC(=O)c1c(c([nH]c1C)C(=O)OCC)C,True
1090,0,0,1090:0:0,-6.62783,c1ccc(c(c1)C=NCC[NH2+]CCN=Cc2ccccc2O)O,True
1091,0,0,1091:0:0,-5.71359,CC(C)CCOCC1CC(C(=O)O1)CC(=NNC(=S)N)C,True
1093,11,0,1093:11:0,-7.76074,CCCCc1[nH]c(c[nH+]1)CN2CCN(C(C2)CCO)CC(C)C,True
1094,0,0,1094:0:0,-7.43485,COc1ccc(cc1OC)CCNC(=S)NCc2ccn[nH]2,True
1095,0,0,1095:0:0,-7.68013,CC[NH+](CCO)CC(=O)NCc1ccc(o1)c2ccc(cc2)Cl,True
1096,0,0,1096:0:0,-5.03499,CCOCC(=O)NNC(=S)NCCc1ccc(cc1)Cl,True
1097,0,0,1097:0:0,-4.79818,CCOC(=O)c1cc2cccc(c2o1)OCC(C[NH2+]C(C)C)O,True
1098,0,0,1098:0:0,-3.53086,c1ccc(cc1)n2cc(cn2)CCC(=O)NNC(=S)NC3CC3,True
1099,1,0,1099:1:0,-5.62497,CC(COC)NC(=S)NNC(=O)c1cc([nH]n1)c2ccccc2,True
1100,0,0,1100:0:0,-7.08889,c1ccc(c(c1)OCCOCC[NH2+]CCO)Br,True
1101,2,0,1101:2:0,-5.53813,c1ccc(cc1)OCC(CNCC(c2ccco2)[NH+]3CCCC3)O,True
1102,0,0,1102:0:0,-7.21282,COCCNC(=O)C[NH2+]Cc1cc(cs1)c2cccs2,True
1103,0,0,1103:0:0,-6.16899,CC(COC)NC(=S)NNC(=O)C=Cc1cc2ccccc2o1,True
1104,0,0,1104:0:0,-6.78045,Cc1c(c(n(n1)Cc2ccccc2)C)C[NH2+]CCNC(=O)C3CC3,True
1105,0,0,1105:0:0,-4.22951,CCOC(=O)c1cc(on1)C[NH2+]CCc2[nH]c3ccccc3n2,True
1106,0,0,1106:0:0,-5.79854,CCCCCC(=O)NCCCNC(=O)c1cc2ccccc2[nH]1,True
1107,0,0,1107:0:0,-8.44776,C[NH+](C)Cc1ccccc1C[NH2+]Cc2ccc(cc2)OCC(=O)N,True
1108,1,0,1108:1:0,-5.35955,CCOCCCN=C(N)SCC(=O)N(C)C1CCCCC1,True
1109,0,0,1109:0:0,-8.81878,c1ccc(cc1)C[NH+](CCC(=O)N)CC(c2ccc(cc2)F)O,True
1110,0,0,1110:0:0,-6.56229,CCOC(=O)CNC(=S)NCC(c1ccc2ccccc2c1)O,True
1111,0,0,1111:0:0,-4.7807,CCCCNC(=S)N(C)NC(=O)CCc1[nH]c2ccccc2n1,True
1112,0,0,1112:0:0,-3.94923,CCCCSCC(=O)NNC(=O)Cc1c[nH]c2c1cccc2,True
1113,2,0,1113:2:0,-5.53813,c1ccc(cc1)OCC(CNCC(c2ccco2)[NH+]3CCCC3)O,True
1114,0,0,1114:0:0,-4.00657,CCOCc1c2ccccc2oc1C(=O)NNC(=S)NC(C)C,True
1115,0,0,1115:0:0,-6.32704,Cc1c(c2cc(ccc2[nH]1)OC)CCNC(=S)NCCOC,True
1117,0,0,1117:0:0,-8.486,c1ccc(c(c1)Cn2cc(cn2)C[NH2+]CCNC(=O)C3CC3)Cl,True
1118,0,0,1118:0:0,-4.79818,CCOC(=O)c1cc2cccc(c2o1)OCC(C[NH2+]C(C)C)O,True
1119,0,0,1119:0:0,-10.7434,c1ccc(cc1)C[NH+](CCC(=O)N)CC(c2ccccc2F)O,True
1120,0,0,1120:0:0,-7.84814,c1cc(c(cc1c2ccc(o2)C[NH2+]CCOCCO)Cl)F,True
1121,0,0,1121:0:0,-6.45221,Cc1ccc2c(c1)occ2CC(=O)NNC(=S)NCCCOC,True
1122,0,0,1122:0:0,-4.6935,CCCCCNC(=S)NNC(=O)c1cc(on1)c2ccco2,True
1123,0,0,1123:0:0,-6.77539,Cc1cc(c(n1CCOC)C)C[NH2+]CCCc2cn[nH]c2C,True
1124,0,0,1124:0:0,-5.08216,c1ccc(cc1)CSCC(=O)NNC(=S)NCC2CCCO2,True
1125,0,0,1125:0:0,-4.26623,Cc1c(cnn1c2ccccc2)CC(=O)NNC(=S)NCC=C,True
1126,0,0,1126:0:0,-3.97804,CC[NH+](CC)C(C)CNC(=O)c1c(c(c([nH]1)C)C(=O)OCC)C,True
1127,0,0,1127:0:0,-8.05264,CC[NH+](CC)Cc1ccccc1CNC(=O)C(C(C)C)NC(=O)C,True
1128,0,0,1128:0:0,-5.70588,CC(COC)NC(=S)NNC(=O)C(C)Sc1ccccc1,True
1129,0,0,1129:0:0,-6.70149,CC(C)N(Cc1ccccc1)C(=O)CSC(=NCCOC)N,True
1130,0,0,1130:0:0,-4.10659,Cc1c(c(n(n1)CC(C)C)C)CCC(=O)NNC(=S)NC2CC2,True
1131,0,0,1131:0:0,-7.00492,c1ccc2c(c1)-c3ccccc3C2COC(=O)NCCOCC[NH3+],True
1132,1,0,1132:1:0,-5.04661,CC(=CCCC(=CC[NH2+]CC(CN1CCOCC1)O)C)C,True
1133,0,0,1133:0:0,-5.64743,CC(COC)NC(=S)NNC(=O)c1c(ccs1)n2cccc2,True
1134,0,0,1134:0:0,-4.91727,Cn1cc(cn1)C=CC(=O)NNC(=S)NCCc2cccs2,True
1135,0,0,1135:0:0,-4.76498,CC[NH+](CC)C(CNC(=O)CNC(=O)c1ccccc1F)C(C)C,True
1136,0,0,1136:0:0,-5.03228,c1ccc(cc1)C=CC=NNC(=S)NCC[NH+]2CCOCC2,True
1137,0,0,1137:0:0,-5.23172,c1cc(oc1)CNC(=S)NNC(=O)CCC(=O)c2ccc(cc2)F,True
1138,0,0,1138:0:0,-4.46534,CCCC[NH+](C)CCNC(=O)NCc1c2cc(ccc2on1)C,True
1139,0,0,1139:0:0,-6.77882,c1cc(cc(c1)Oc2ncccn2)C[NH2+]CCC[NH+]3CCOCC3,True
1140,0,0,1140:0:0,-6.57923,c1ccc2c(c1)c(c[nH]2)CCNC(=S)NCC[NH+]3CCOCC3,True
1141,0,0,1141:0:0,-5.71359,CC(C)CCOCC1CC(C(=O)O1)CC(=NNC(=S)N)C,True
1142,0,0,1142:0:0,-5.64743,CC(COC)NC(=S)NNC(=O)c1c(ccs1)n2cccc2,True
1143,0,0,1143:0:0,-6.62783,c1ccc(c(c1)C=NCC[NH2+]CCN=Cc2ccccc2O)O,True
1144,0,0,1144:0:0,-6.53735,COCC[NH2+]CCC1CCC(=O)N1Cc2ccc(cc2)Cl,True
1145,1,0,1145:1:0,-6.51207,Cc1c(c[nH]n1)CCC[NH2+]Cc2c(cc(cc2OC)OC)OC,True
1146,0,0,1146:0:0,-6.13005,CC(COC)NC(=S)NNC(=O)CCc1ccc(cc1)F,True
1147,0,0,1147:0:0,-3.66735,c1ccc2c(c1)[nH]c(n2)CCC(=O)NCCOCC(F)(F)F,True
1148,0,0,1148:0:0,-5.41059,Cn1cc(cn1)C=CC(=O)NNC(=S)NCCc2ccccc2,True
1149,0,0,1149:0:0,-10.7434,c1ccc(cc1)C[NH+](CCC(=O)N)CC(c2ccccc2F)O,True
1150,2,0,1150:2:0,-5.53813,c1ccc(cc1)OCC(CNCC(c2ccco2)[NH+]3CCCC3)O,True
1151,0,0,1151:0:0,-5.08216,c1ccc(cc1)CSCC(=O)NNC(=S)NCC2CCCO2,True
1152,0,0,1152:0:0,-4.05774,CCOCc1c2ccccc2oc1C(=O)NNC(=S)NC3CC3,True
1153,0,0,1153:0:0,-5.16901,CC[NH+](CC)CCNC(=O)c1c(c(c([nH]1)C)C(=O)OCC)C,True
1154,0,0,1154:0:0,-7.48062,c1cc(cc(c1)Br)OCCOCC[NH2+]CCO,True
1155,0,0,1155:0:0,-5.87243,Cc1cc2ccccc2n1CC(=O)NNC(=S)NC(C)COC,True
1156,9,0,1156:9:0,-7.91948,CCCCc1[nH]c(c[nH+]1)C[NH+]2CCN(C(C2)CCO)C(C)C,True
1157,0,0,1157:0:0,-6.49405,COCCCNC(=S)NNC(=O)C1CC1c2ccc(cc2)F,True
1158,0,0,1158:0:0,-4.06132,CC(C)NC(=S)NNC(=O)CCCc1nc2ccccc2o1,True
1159,0,0,1159:0:0,-5.78123,CC(COC)NC(=S)NNC(=O)C(C)Oc1ccccc1F,True
1160,0,0,1160:0:0,-3.53407,CC(C)NC(=S)NNC(=O)CCc1nc(no1)c2ccco2,True
1161,0,0,1161:0:0,-6.19718,COCCCNC(=S)NNC(=O)c1ccn(n1)c2ccccc2,True
1162,0,0,1162:0:0,-6.79455,COCCNC(=N)SCC(=O)N(CC=C)c1ccccc1,True
1163,0,0,1163:0:0,-4.13176,Cc1cc(n(n1)CC(=O)NNC(=S)NCCc2ccccc2)C,True
1164,2,0,1164:2:0,-7.73872,CC(C)CN1CCN(CC1CCO)Cc2cccc(c2)OCCO,True
1165,0,0,1165:0:0,-5.48082,CC(COC)NC(=S)NNC(=O)C=Cc1ccccc1OC,True
1166,0,0,1166:0:0,-8.85892,CC(=O)NCC[NH2+]Cc1ccc(cc1)OCC(c2ccccc2)O,True
1167,0,0,1167:0:0,-3.74958,Cc1cc(n(n1)CCC(=O)NNC(=S)NCc2ccccc2)C,True
1168,0,0,1168:0:0,-5.33944,COc1cccc(c1)CC(=O)NNC(=S)NCc2ccco2,True
1169,0,0,1169:0:0,-5.60122,CC1CC1c2ccc(o2)C=CC(=O)NNC(=S)NC(C)COC,True
1170,2,0,1170:2:0,-5.53813,c1ccc(cc1)OCC(CNCC(c2ccco2)[NH+]3CCCC3)O,True
1171,0,0,1171:0:0,-3.64424,Cc1cc(no1)OCC(=O)NNC(=S)NCCc2ccccc2,True
1172,2,0,1172:2:0,-7.81408,c1cc(ccc1c2c(c[nH]n2)C[NH2+]CCC[NH+]3CCOCC3)Cl,True
1173,0,0,1173:0:0,-6.49866,CC(C)(C)N(Cc1ccccc1)C(=O)CSC(=NCCOC)N,True
1175,1,0,1175:1:0,-6.8741,Cc1c(c[nH]n1)CCC[NH2+]Cc2ccc(c(c2OC)OC)OC,True
1176,0,0,1176:0:0,-5.94191,c1cc(cnc1)CCC(=O)NNC(=S)NCCc2cccs2,True
1177,1,0,1177:1:0,-6.50799,CCOCCCN=C(N)SCC(=O)N(C)C1CCC(CC1)C,True
1178,0,0,1178:0:0,-3.97804,CC[NH+](CC)C(C)CNC(=O)c1c(c(c([nH]1)C)C(=O)OCC)C,True
1179,0,0,1179:0:0,-7.60655,c1ccc(cc1)CNC(=O)C[NH+](Cc2ccc(cc2)C(=O)N)C3CC3,True
1180,3,0,1180:3:0,-5.82873,CN1CC[NH+](CC1)CCCC[NH2+]Cc2c[nH]nc2c3cccs3,True
1181,1,0,1181:1:0,-6.26633,c1ccc(cc1)C[NH+]2CCC(CC2)C[NH2+]CCCN3CCOCC3,True
1182,0,0,1182:0:0,-6.2119,CCOc1cc(cc(c1OCC[NH+]2CCOCC2)Cl)CC[NH3+],True
1183,0,0,1183:0:0,-8.76114,C[NH+](C)Cc1cccc(c1)C[NH2+]Cc2ccc(cc2)OCC(=O)N,True
1184,0,0,1184:0:0,-5.87243,Cc1cc2ccccc2n1CC(=O)NNC(=S)NC(C)COC,True
1185,1,0,1185:1:0,-5.28203,CC[NH+](CC)CC(CN1CC[NH+](CC1)Cc2ccccc2)O,True
1186,0,0,1186:0:0,-5.71359,CC(C)CCOCC1CC(C(=O)O1)CC(=NNC(=S)N)C,True
1187,0,0,1187:0:0,-4.19352,CC(C)NC(=S)NNC(=O)CCc1ncc(o1)c2ccccc2,True
1188,0,0,1188:0:0,-5.14492,Cc1c(c(n(n1)CC(C)C)Cl)C[NH2+]CCNC(=O)c2ccco2,True
1189,0,0,1189:0:0,-5.00508,CC[NH+](CC)C(CNC(=O)CNC(=O)c1ccc(cc1)F)C(C)C,True
1190,0,0,1190:0:0,-3.80939,CC(C)COCCCNC(=O)NCCc1[nH]c2ccccc2n1,True
1191,1,0,1191:1:0,-7.62086,CC(C)CN1CC[NH+](CC1CCO)Cc2ccc(cc2)OCCO,True
1192,0,0,1192:0:0,-8.47414,c1cc(c(cc1c2ccc(o2)C[NH2+]CC[NH2+]CCO)Cl)F,True
1193,0,0,1193:0:0,-7.36406,CNC(=O)c1ccc(cc1)C[NH2+]CC(COc2ccccc2F)O,True
1194,0,0,1194:0:0,-8.84581,CCC1CCCCN1C(=O)C[NH+](CCC(=O)N)Cc2ccccc2,True
1195,0,0,1195:0:0,-8.42547,CC[NH+](CC)C(CNC(=O)C(C(C)C)NC(=O)C)c1ccccc1,True
1196,1,0,1196:1:0,-5.62497,CC(COC)NC(=S)NNC(=O)c1cc([nH]n1)c2ccccc2,True
1197,0,0,1197:0:0,-6.62779,c1ccc(c(c1)C[NH2+]CC(=O)NCc2ccco2)OC(F)F,True
1198,0,0,1198:0:0,-7.69736,CC(C)C(=O)NCC[NH2+]Cc1ccc(cc1)OCc2cccnc2,True
1199,0,0,1199:0:0,-6.03495,CC(COC)NC(=S)NNC(=O)C=Cc1ccc(cc1)N(C)C,True
